INSERT INTO customers (customer_id, name, age, gender, address, phone, email, grade) VALUES (1, '최정수', 37, '남', '세종특별자치시 남구 영동대거리 (도현김이읍)', '043-906-2003', 'sunoghan@gmail.com', '브론즈');
INSERT INTO customers (customer_id, name, age, gender, address, phone, email, grade) VALUES (2, '유정식', 43, '남', '인천광역시 송파구 서초중앙거리 (진호한동)', '052-420-2451', 'areumgim@nate.com', '골드');
INSERT INTO customers (customer_id, name, age, gender, address, phone, email, grade) VALUES (3, '양준서', 42, '여', '광주광역시 마포구 압구정가 (성훈박문마을)', '044-686-4069', 'tgim@jusighoesa.net', 'VIP');
INSERT INTO customers (customer_id, name, age, gender, address, phone, email, grade) VALUES (4, '이미경', 33, '여', '경상북도 서천군 반포대길 (성진이면)', '054-503-3927', 'mjang@ju.com', '골드');
INSERT INTO customers (customer_id, name, age, gender, address, phone, email, grade) VALUES (5, '안혜진', 31, '남', '세종특별자치시 관악구 개포거리 (수빈이마을)', '043-300-7408', 'uogsun@naver.com', '골드');
INSERT INTO customers (customer_id, name, age, gender, address, phone, email, grade) VALUES (6, '손상현', 28, '여', '인천광역시 성북구 반포대로', '051-193-1558', 'jaehyeonseo@hotmail.com', '일반');
INSERT INTO customers (customer_id, name, age, gender, address, phone, email, grade) VALUES (7, '송승민', 33, '여', '세종특별자치시 양천구 강남대거리', '042-999-7631', 'eunjigim@naver.com', '실버');
INSERT INTO customers (customer_id, name, age, gender, address, phone, email, grade) VALUES (8, '김상현', 18, '남', '경상북도 수원시 석촌호수67가 (서윤박읍)', '061-940-6827', 'junhyeog53@bagigim.kr', '브론즈');
INSERT INTO customers (customer_id, name, age, gender, address, phone, email, grade) VALUES (9, '박미영', 25, '여', '대구광역시 서대문구 언주가', '042-842-5853', 'jinui@gugweongim.com', '일반');
INSERT INTO customers (customer_id, name, age, gender, address, phone, email, grade) VALUES (10, '김민준', 22, '남', '강원도 용인시 수지구 도산대28길', '044-572-4974', 'idonghyeon@live.com', '실버');
INSERT INTO customers (customer_id, name, age, gender, address, phone, email, grade) VALUES (11, '이준영', 28, '여', '대전광역시 은평구 반포대거리 (선영강이동)', '055-516-0383', 'seonghyeon33@hotmail.com', 'VIP');
INSERT INTO customers (customer_id, name, age, gender, address, phone, email, grade) VALUES (12, '박서연', 22, '여', '경상남도 의정부시 오금가', '051-455-6897', 'jyun@hotmail.com', '실버');
INSERT INTO customers (customer_id, name, age, gender, address, phone, email, grade) VALUES (13, '이은주', 37, '여', '대전광역시 송파구 영동대17거리', '018-758-2894', 'seoyeon35@bagi.com', '골드');
INSERT INTO customers (customer_id, name, age, gender, address, phone, email, grade) VALUES (14, '김준서', 35, '여', '경상북도 수원시 팔달구 도산대로', '017-224-3418', 'baegogsun@dreamwiz.com', '실버');
INSERT INTO customers (customer_id, name, age, gender, address, phone, email, grade) VALUES (15, '최경수', 48, '여', '충청북도 공주시 오금25거리 (지은박최면)', '053-412-9090', 'gi@naver.com', '골드');
INSERT INTO customers (customer_id, name, age, gender, address, phone, email, grade) VALUES (16, '강재호', 18, '남', '인천광역시 양천구 도산대202길 (미경박이리)', '011-768-9507', 'rbag@hotmail.com', '브론즈');
INSERT INTO customers (customer_id, name, age, gender, address, phone, email, grade) VALUES (17, '최경숙', 19, '여', '세종특별자치시 강북구 개포293길', '044-630-4129', 'hyeonjeong19@yu.com', 'VIP');
INSERT INTO customers (customer_id, name, age, gender, address, phone, email, grade) VALUES (18, '서서윤', 27, '남', '부산광역시 동구 강남대7로 (은지송강면)', '051-046-5468', 'rgim@live.com', 'VIP');
INSERT INTO customers (customer_id, name, age, gender, address, phone, email, grade) VALUES (19, '이정수', 29, '여', '경상북도 고양시 덕양구 논현5가', '017-311-6064', 'doyungim@hanmail.net', 'VIP');
INSERT INTO customers (customer_id, name, age, gender, address, phone, email, grade) VALUES (20, '고영자', 43, '여', '충청북도 고양시 가락로 (지혜김동)', '061-264-9589', 'hyeonjugim@gmail.com', 'VIP');
INSERT INTO customers (customer_id, name, age, gender, address, phone, email, grade) VALUES (21, '김도현', 31, '여', '대전광역시 강남구 개포882가 (상철김박면)', '061-088-2071', 'eunyeong19@dreamwiz.com', 'VIP');
INSERT INTO customers (customer_id, name, age, gender, address, phone, email, grade) VALUES (22, '한영희', 24, '남', '전라북도 고양시 일산서구 도산대3가', '061-912-4152', 'hyejin24@ju.com', 'VIP');
INSERT INTO customers (customer_id, name, age, gender, address, phone, email, grade) VALUES (23, '김주원', 35, '여', '인천광역시 남구 잠실570로', '042-593-1608', 'hyeonu33@gmail.com', '일반');
INSERT INTO customers (customer_id, name, age, gender, address, phone, email, grade) VALUES (24, '이지원', 40, '여', '충청남도 속초시 강남대길 (주원신면)', '063-644-2535', 'jeongho58@naver.com', '실버');
INSERT INTO customers (customer_id, name, age, gender, address, phone, email, grade) VALUES (25, '김영미', 47, '여', '광주광역시 성북구 백제고분가', '055-139-6061', 'iminseo@naver.com', '일반');
INSERT INTO customers (customer_id, name, age, gender, address, phone, email, grade) VALUES (26, '나경자', 28, '여', '충청북도 평창군 잠실17가 (재호김백동)', '055-588-3383', 'vyu@yuhanhoesa.com', '골드');
INSERT INTO customers (customer_id, name, age, gender, address, phone, email, grade) VALUES (27, '이윤서', 34, '남', '대구광역시 금천구 삼성거리', '017-872-7437', 'yeongjin87@jusighoesa.net', '골드');
INSERT INTO customers (customer_id, name, age, gender, address, phone, email, grade) VALUES (28, '홍명자', 33, '여', '대전광역시 성동구 강남대25길', '044-313-9240', 'jeongsungim@yuhanhoesa.kr', '일반');
INSERT INTO customers (customer_id, name, age, gender, address, phone, email, grade) VALUES (29, '이중수', 35, '여', '전라북도 음성군 서초중앙33거리 (미정고읍)', '02-2528-7743', 'jiweon02@gimgim.com', '골드');
INSERT INTO customers (customer_id, name, age, gender, address, phone, email, grade) VALUES (30, '김미정', 34, '여', '충청남도 춘천시 영동대44길', '053-678-8965', 'ogsun52@live.com', '골드');
INSERT INTO customers (customer_id, name, age, gender, address, phone, email, grade) VALUES (31, '이민석', 19, '여', '대전광역시 마포구 역삼182가 (현숙백마을)', '064-705-6875', 'seongsujin@jusighoesa.com', '일반');
INSERT INTO customers (customer_id, name, age, gender, address, phone, email, grade) VALUES (32, '송은주', 36, '여', '대구광역시 양천구 삼성길', '018-677-6418', 'hyeonjeonghan@hotmail.com', '브론즈');
INSERT INTO customers (customer_id, name, age, gender, address, phone, email, grade) VALUES (33, '박미숙', 20, '여', '부산광역시 관악구 서초대69길', '061-376-1235', 'vi@songim.com', '골드');
INSERT INTO customers (customer_id, name, age, gender, address, phone, email, grade) VALUES (34, '허정남', 47, '남', '대전광역시 노원구 봉은사거리 (지우김양마을)', '017-269-4448', 'seoyeongim@sonu.kr', '일반');
INSERT INTO customers (customer_id, name, age, gender, address, phone, email, grade) VALUES (35, '김서영', 20, '여', '경기도 진천군 서초대로 (주원김김면)', '033-106-7164', 'ijo@hotmail.com', '골드');
INSERT INTO customers (customer_id, name, age, gender, address, phone, email, grade) VALUES (36, '문서연', 46, '남', '충청남도 진천군 도산대거리 (미영최김리)', '033-429-3439', 'yeongmi74@gimgim.kr', '골드');
INSERT INTO customers (customer_id, name, age, gender, address, phone, email, grade) VALUES (37, '임상훈', 43, '남', '대구광역시 동작구 언주995가 (은정김동)', '031-554-7756', 'cju@gmail.com', 'VIP');
INSERT INTO customers (customer_id, name, age, gender, address, phone, email, grade) VALUES (38, '김지아', 35, '여', '울산광역시 성동구 역삼599길', '019-927-7420', 'eunseo91@live.com', 'VIP');
INSERT INTO customers (customer_id, name, age, gender, address, phone, email, grade) VALUES (39, '김순옥', 18, '여', '부산광역시 영등포구 서초대길 (도현임최면)', '019-776-5675', 'ieunju@gimimgim.org', 'VIP');
INSERT INTO customers (customer_id, name, age, gender, address, phone, email, grade) VALUES (40, '최지아', 22, '남', '대구광역시 서초구 잠실8가', '062-128-8083', 'vi@yu.com', 'VIP');
INSERT INTO customers (customer_id, name, age, gender, address, phone, email, grade) VALUES (41, '김도현', 47, '남', '강원도 수원시 영통구 삼성거리 (채원이마을)', '033-827-0756', 'seonghyeoncoe@nate.com', 'VIP');
INSERT INTO customers (customer_id, name, age, gender, address, phone, email, grade) VALUES (42, '이서윤', 42, '여', '세종특별자치시 구로구 강남대7로 (영환박면)', '052-783-2411', 'ijiyeong@hanmail.net', '일반');
INSERT INTO customers (customer_id, name, age, gender, address, phone, email, grade) VALUES (43, '김지원', 49, '남', '광주광역시 서대문구 도산대길 (지현양이리)', '043-065-0979', 'eunju41@live.com', '실버');
INSERT INTO customers (customer_id, name, age, gender, address, phone, email, grade) VALUES (44, '구은서', 22, '남', '대전광역시 동구 역삼447가 (성호박김읍)', '032-574-7589', 'ijungsu@ju.kr', '실버');
INSERT INTO customers (customer_id, name, age, gender, address, phone, email, grade) VALUES (45, '문유진', 29, '남', '경상북도 용인시 수지구 압구정로', '033-880-4258', 'jeongeunju@ju.kr', '일반');
INSERT INTO customers (customer_id, name, age, gender, address, phone, email, grade) VALUES (46, '김은정', 37, '여', '부산광역시 노원구 선릉58가 (영순김이읍)', '061-536-6980', 'wsin@baejucoe.net', '골드');
INSERT INTO customers (customer_id, name, age, gender, address, phone, email, grade) VALUES (47, '송정훈', 32, '여', '서울특별시 서초구 양재천4가', '041-622-6520', 'seoyeon86@jusighoesa.com', '골드');
INSERT INTO customers (customer_id, name, age, gender, address, phone, email, grade) VALUES (48, '이동현', 46, '남', '경상북도 성남시 수정구 영동대5로', '070-5317-8677', 'yo@ju.com', 'VIP');
INSERT INTO customers (customer_id, name, age, gender, address, phone, email, grade) VALUES (49, '허현주', 49, '여', '경상북도 양양군 삼성28길 (지은최마을)', '043-974-1758', 'mijeonggim@dreamwiz.com', '골드');
INSERT INTO customers (customer_id, name, age, gender, address, phone, email, grade) VALUES (50, '최성현', 46, '여', '경상북도 여주시 학동로', '052-127-5458', 'sunogi@gmail.com', 'VIP');
INSERT INTO customers (customer_id, name, age, gender, address, phone, email, grade) VALUES (51, '박은주', 25, '여', '강원도 포천시 백제고분777길', '070-4658-6965', 'seoyeongi@dreamwiz.com', '브론즈');
INSERT INTO customers (customer_id, name, age, gender, address, phone, email, grade) VALUES (52, '양지혜', 28, '여', '강원도 인제군 개포0길 (윤서강동)', '018-621-4962', 'migyeonghan@hanmail.net', '브론즈');
INSERT INTO customers (customer_id, name, age, gender, address, phone, email, grade) VALUES (53, '엄춘자', 27, '남', '서울특별시 마포구 반포대742가', '031-126-9691', 'mijeonggim@yu.com', '브론즈');
INSERT INTO customers (customer_id, name, age, gender, address, phone, email, grade) VALUES (54, '김혜진', 49, '남', '서울특별시 노원구 도산대거리', '010-0665-4163', 'nogyeongja@hotmail.com', '브론즈');
INSERT INTO customers (customer_id, name, age, gender, address, phone, email, grade) VALUES (55, '김민재', 34, '여', '광주광역시 서구 백제고분316로 (서영김리)', '033-748-2914', 'baegseongsu@ju.com', '브론즈');
INSERT INTO customers (customer_id, name, age, gender, address, phone, email, grade) VALUES (56, '엄현정', 47, '남', '서울특별시 성북구 압구정69길 (서준김리)', '011-429-7733', 'gyeongsug29@hotmail.com', '실버');
INSERT INTO customers (customer_id, name, age, gender, address, phone, email, grade) VALUES (57, '유도윤', 29, '여', '강원도 인제군 삼성71길', '063-471-0128', 'gimjungsu@hotmail.com', 'VIP');
INSERT INTO customers (customer_id, name, age, gender, address, phone, email, grade) VALUES (58, '김현정', 49, '여', '대전광역시 도봉구 논현길 (경희윤장동)', '032-071-6582', 'yejin40@jusighoesa.org', 'VIP');
INSERT INTO customers (customer_id, name, age, gender, address, phone, email, grade) VALUES (59, '이명자', 37, '남', '충청북도 파주시 도산대798길', '051-183-0356', 'xmun@naver.com', '실버');
INSERT INTO customers (customer_id, name, age, gender, address, phone, email, grade) VALUES (60, '김미숙', 35, '남', '울산광역시 동구 강남대가', '052-878-3542', 'junyeong74@ju.net', '골드');
INSERT INTO customers (customer_id, name, age, gender, address, phone, email, grade) VALUES (61, '김상호', 28, '남', '전라북도 고성군 양재천06길', '032-527-2201', 'seoyeongca@nate.com', '골드');
INSERT INTO customers (customer_id, name, age, gender, address, phone, email, grade) VALUES (62, '류경자', 44, '여', '경상북도 안산시 단원구 테헤란174길', '070-9865-9674', 'anjunseo@hwangbag.com', 'VIP');
INSERT INTO customers (customer_id, name, age, gender, address, phone, email, grade) VALUES (63, '장진호', 23, '남', '전라북도 청주시 청원구 백제고분005가', '02-6427-9422', 'si@hotmail.com', 'VIP');
INSERT INTO customers (customer_id, name, age, gender, address, phone, email, grade) VALUES (64, '이유진', 19, '남', '세종특별자치시 마포구 선릉7로 (영길류읍)', '02-9775-2423', 'gimjunseo@sonjang.com', '일반');
INSERT INTO customers (customer_id, name, age, gender, address, phone, email, grade) VALUES (65, '서지원', 33, '남', '제주특별자치도 보령시 백제고분69가 (상호권안마을)', '061-760-0914', 'kgim@yu.com', '브론즈');
INSERT INTO customers (customer_id, name, age, gender, address, phone, email, grade) VALUES (66, '김옥순', 31, '여', '제주특별자치도 정선군 반포대32길', '062-839-0371', 'yejun99@naver.com', '일반');
INSERT INTO customers (customer_id, name, age, gender, address, phone, email, grade) VALUES (67, '김민서', 36, '여', '전라북도 고성군 서초대길 (영수강면)', '055-464-0415', 'songyeji@nate.com', 'VIP');
INSERT INTO customers (customer_id, name, age, gender, address, phone, email, grade) VALUES (68, '권성진', 23, '여', '광주광역시 남구 잠실길', '053-488-0633', 'seonghyeonyun@yuhanhoesa.com', '일반');
INSERT INTO customers (customer_id, name, age, gender, address, phone, email, grade) VALUES (69, '백명자', 44, '남', '인천광역시 강동구 테헤란426로 (영호양동)', '061-796-8067', 'junseojo@jusighoesa.com', 'VIP');
INSERT INTO customers (customer_id, name, age, gender, address, phone, email, grade) VALUES (70, '김성훈', 41, '남', '서울특별시 남구 석촌호수거리 (승현이마을)', '033-869-1425', 'ijeongnam@nate.com', '골드');
INSERT INTO customers (customer_id, name, age, gender, address, phone, email, grade) VALUES (71, '김명숙', 38, '남', '광주광역시 관악구 압구정거리 (영호최동)', '054-757-6570', 'ogim@gweongim.kr', '실버');
INSERT INTO customers (customer_id, name, age, gender, address, phone, email, grade) VALUES (72, '박영호', 23, '남', '충청북도 천안시 동남구 오금길', '031-806-1236', 'mji@dreamwiz.com', '브론즈');
INSERT INTO customers (customer_id, name, age, gender, address, phone, email, grade) VALUES (73, '민재현', 29, '여', '충청북도 청주시 청원구 학동가', '031-825-9589', 'yeonggilyun@hanmail.net', '실버');
INSERT INTO customers (customer_id, name, age, gender, address, phone, email, grade) VALUES (74, '이진우', 19, '남', '제주특별자치도 광주시 학동0로', '018-809-2677', 'gimyeongjin@naver.com', '실버');
INSERT INTO customers (customer_id, name, age, gender, address, phone, email, grade) VALUES (75, '서예은', 39, '여', '충청남도 부천시 소사구 언주74로', '016-000-2540', 'yejii@ii.org', '브론즈');
INSERT INTO customers (customer_id, name, age, gender, address, phone, email, grade) VALUES (76, '김예준', 24, '여', '인천광역시 강남구 논현419로', '033-116-5898', 'pgim@yuhanhoesa.kr', '일반');
INSERT INTO customers (customer_id, name, age, gender, address, phone, email, grade) VALUES (77, '이예진', 29, '남', '충청남도 증평군 양재천가', '062-492-8738', 'yeonghyi31@daum.net', 'VIP');
INSERT INTO customers (customer_id, name, age, gender, address, phone, email, grade) VALUES (78, '이지후', 19, '여', '대전광역시 영등포구 반포대066길', '062-945-6076', 'hyejingim@ju.org', '브론즈');
INSERT INTO customers (customer_id, name, age, gender, address, phone, email, grade) VALUES (79, '조서준', 37, '여', '광주광역시 광진구 오금가', '063-459-9914', 'hyeonjun47@dreamwiz.com', '브론즈');
INSERT INTO customers (customer_id, name, age, gender, address, phone, email, grade) VALUES (80, '권영환', 22, '남', '대전광역시 송파구 도산대12로', '055-736-6141', 'vcoe@ju.net', '브론즈');
INSERT INTO customers (customer_id, name, age, gender, address, phone, email, grade) VALUES (81, '강준영', 42, '남', '충청북도 광명시 석촌호수599길 (정식이강읍)', '053-003-3181', 'ogjagim@live.com', '브론즈');
INSERT INTO customers (customer_id, name, age, gender, address, phone, email, grade) VALUES (82, '최영희', 29, '여', '경기도 성남시 강남대08가 (현정박김리)', '017-152-8937', 'no@ryugim.kr', '일반');
INSERT INTO customers (customer_id, name, age, gender, address, phone, email, grade) VALUES (83, '김우진', 19, '남', '인천광역시 서초구 도산대212로', '052-892-5380', 'seungmin65@ju.com', '일반');
INSERT INTO customers (customer_id, name, age, gender, address, phone, email, grade) VALUES (84, '김영진', 32, '남', '인천광역시 서구 학동14로 (예진이동)', '054-850-5565', 'bagmyeongsug@gimgim.kr', '일반');
INSERT INTO customers (customer_id, name, age, gender, address, phone, email, grade) VALUES (85, '강현지', 44, '여', '광주광역시 중랑구 학동8가 (민석이이읍)', '010-5180-0176', 'mgim@baghong.kr', '실버');
INSERT INTO customers (customer_id, name, age, gender, address, phone, email, grade) VALUES (86, '이준영', 35, '여', '부산광역시 서대문구 잠실06가 (경자김김마을)', '033-831-7232', 'gwangsu42@live.com', 'VIP');
INSERT INTO customers (customer_id, name, age, gender, address, phone, email, grade) VALUES (87, '박광수', 29, '남', '제주특별자치도 김포시 선릉로', '062-487-2723', 'jeongsug44@bagbag.net', 'VIP');
INSERT INTO customers (customer_id, name, age, gender, address, phone, email, grade) VALUES (88, '이은서', 46, '여', '충청남도 양구군 학동82로', '053-883-3891', 'ogyeongsu@daum.net', '브론즈');
INSERT INTO customers (customer_id, name, age, gender, address, phone, email, grade) VALUES (89, '이경희', 49, '남', '서울특별시 송파구 삼성가', '041-475-8431', 'gimcaeweon@mungim.net', 'VIP');
INSERT INTO customers (customer_id, name, age, gender, address, phone, email, grade) VALUES (90, '양민재', 23, '남', '충청북도 춘천시 개포거리 (예준김면)', '032-705-3932', 'songsubin@jusighoesa.com', '일반');
INSERT INTO customers (customer_id, name, age, gender, address, phone, email, grade) VALUES (91, '이병철', 19, '여', '전라남도 아산시 압구정가 (지우조나면)', '052-341-7568', 'yeonghyihan@songhan.com', 'VIP');
INSERT INTO customers (customer_id, name, age, gender, address, phone, email, grade) VALUES (92, '이현정', 44, '여', '충청북도 천안시 동남구 강남대가 (지훈박동)', '018-317-2938', 'munmisug@yu.com', '골드');
INSERT INTO customers (customer_id, name, age, gender, address, phone, email, grade) VALUES (93, '이미경', 34, '여', '울산광역시 서초구 삼성107거리', '032-077-2228', 'iyeongjin@jeoni.org', '실버');
INSERT INTO customers (customer_id, name, age, gender, address, phone, email, grade) VALUES (94, '김민재', 41, '남', '강원도 가평군 백제고분길 (준서김면)', '052-469-6940', 'gimminji@yuhanhoesa.com', '골드');
INSERT INTO customers (customer_id, name, age, gender, address, phone, email, grade) VALUES (95, '윤정숙', 36, '여', '전라북도 충주시 영동대로 (승민박읍)', '02-3818-8612', 'hcoe@dreamwiz.com', '일반');
INSERT INTO customers (customer_id, name, age, gender, address, phone, email, grade) VALUES (96, '곽채원', 31, '남', '경기도 이천시 역삼거리', '063-395-2007', 'gimminsu@yu.net', '골드');
INSERT INTO customers (customer_id, name, age, gender, address, phone, email, grade) VALUES (97, '박영환', 40, '남', '전라남도 부천시 원미구 언주거리 (서준임리)', '031-002-9143', 'gimsunog@yangi.com', '실버');
INSERT INTO customers (customer_id, name, age, gender, address, phone, email, grade) VALUES (98, '김채원', 39, '여', '강원도 연천군 삼성625길 (영호김강마을)', '011-792-2174', 'xbag@seoo.com', '일반');
INSERT INTO customers (customer_id, name, age, gender, address, phone, email, grade) VALUES (99, '김민지', 24, '여', '제주특별자치도 금산군 선릉가', '010-6740-8784', 'gosiu@ju.com', '골드');
INSERT INTO customers (customer_id, name, age, gender, address, phone, email, grade) VALUES (100, '김민준', 29, '여', '대전광역시 영등포구 서초대길 (성수조마을)', '042-245-0009', 'qseong@daum.net', '골드');

INSERT INTO products (product_id, product_name, stock, main_category, sub_category, price, discount_price, discount_rate) VALUES (1, '상의_후드_minus', 93, '상의', '후드', 112375, 106757, 5);
INSERT INTO products (product_id, product_name, stock, main_category, sub_category, price, discount_price, discount_rate) VALUES (2, '하의_슬랙스_reprehenderit', 91, '하의', '슬랙스', 33668, 26935, 20);
INSERT INTO products (product_id, product_name, stock, main_category, sub_category, price, discount_price, discount_rate) VALUES (3, '가방_크로스백_excepturi', 13, '가방', '크로스백', 149723, 104807, 30);
INSERT INTO products (product_id, product_name, stock, main_category, sub_category, price, discount_price, discount_rate) VALUES (4, '하의_슬랙스_quos', 58, '하의', '슬랙스', 136886, 95821, 30);
INSERT INTO products (product_id, product_name, stock, main_category, sub_category, price, discount_price, discount_rate) VALUES (5, '신발_샌들_quis', 48, '신발', '샌들', 60771, 60771, 0);
INSERT INTO products (product_id, product_name, stock, main_category, sub_category, price, discount_price, discount_rate) VALUES (6, '신발_부츠_cupiditate', 38, '신발', '부츠', 56907, 45526, 20);
INSERT INTO products (product_id, product_name, stock, main_category, sub_category, price, discount_price, discount_rate) VALUES (7, '상의_셔츠_totam', 39, '상의', '셔츠', 69874, 48912, 30);
INSERT INTO products (product_id, product_name, stock, main_category, sub_category, price, discount_price, discount_rate) VALUES (8, '하의_청바지_blanditiis', 95, '하의', '청바지', 35648, 30301, 15);
INSERT INTO products (product_id, product_name, stock, main_category, sub_category, price, discount_price, discount_rate) VALUES (9, '가방_크로스백_tempora', 34, '가방', '크로스백', 121467, 109321, 10);
INSERT INTO products (product_id, product_name, stock, main_category, sub_category, price, discount_price, discount_rate) VALUES (10, '악세서리_시계_voluptatibus', 35, '악세서리', '시계', 138103, 131198, 5);
INSERT INTO products (product_id, product_name, stock, main_category, sub_category, price, discount_price, discount_rate) VALUES (11, '가방_에코백_quia', 47, '가방', '에코백', 127335, 114602, 10);
INSERT INTO products (product_id, product_name, stock, main_category, sub_category, price, discount_price, discount_rate) VALUES (12, '신발_운동화_reprehenderit', 66, '신발', '운동화', 49878, 47385, 5);
INSERT INTO products (product_id, product_name, stock, main_category, sub_category, price, discount_price, discount_rate) VALUES (13, '하의_슬랙스_quisquam', 14, '하의', '슬랙스', 44530, 42304, 5);
INSERT INTO products (product_id, product_name, stock, main_category, sub_category, price, discount_price, discount_rate) VALUES (14, '가방_크로스백_deleniti', 31, '가방', '크로스백', 30383, 24307, 20);
INSERT INTO products (product_id, product_name, stock, main_category, sub_category, price, discount_price, discount_rate) VALUES (15, '상의_반팔티_velit', 29, '상의', '반팔티', 121984, 85389, 30);
INSERT INTO products (product_id, product_name, stock, main_category, sub_category, price, discount_price, discount_rate) VALUES (16, '가방_백팩_ut', 55, '가방', '백팩', 133705, 93594, 30);
INSERT INTO products (product_id, product_name, stock, main_category, sub_category, price, discount_price, discount_rate) VALUES (17, '하의_청바지_consequuntur', 26, '하의', '청바지', 110896, 110896, 0);
INSERT INTO products (product_id, product_name, stock, main_category, sub_category, price, discount_price, discount_rate) VALUES (18, '하의_청바지_soluta', 72, '하의', '청바지', 51882, 44100, 15);
INSERT INTO products (product_id, product_name, stock, main_category, sub_category, price, discount_price, discount_rate) VALUES (19, '가방_백팩_cumque', 65, '가방', '백팩', 129825, 110352, 15);
INSERT INTO products (product_id, product_name, stock, main_category, sub_category, price, discount_price, discount_rate) VALUES (20, '악세서리_모자_ratione', 77, '악세서리', '모자', 121465, 121465, 0);
INSERT INTO products (product_id, product_name, stock, main_category, sub_category, price, discount_price, discount_rate) VALUES (21, '가방_에코백_velit', 86, '가방', '에코백', 121047, 121047, 0);
INSERT INTO products (product_id, product_name, stock, main_category, sub_category, price, discount_price, discount_rate) VALUES (22, '상의_셔츠_ut', 32, '상의', '셔츠', 37556, 26290, 30);
INSERT INTO products (product_id, product_name, stock, main_category, sub_category, price, discount_price, discount_rate) VALUES (23, '상의_반팔티_accusantium', 32, '상의', '반팔티', 44333, 44333, 0);
INSERT INTO products (product_id, product_name, stock, main_category, sub_category, price, discount_price, discount_rate) VALUES (24, '하의_반바지_error', 50, '하의', '반바지', 88733, 79860, 10);
INSERT INTO products (product_id, product_name, stock, main_category, sub_category, price, discount_price, discount_rate) VALUES (25, '신발_부츠_nesciunt', 76, '신발', '부츠', 64106, 51285, 20);
INSERT INTO products (product_id, product_name, stock, main_category, sub_category, price, discount_price, discount_rate) VALUES (26, '신발_샌들_nostrum', 15, '신발', '샌들', 78297, 78297, 0);
INSERT INTO products (product_id, product_name, stock, main_category, sub_category, price, discount_price, discount_rate) VALUES (27, '악세서리_벨트_mollitia', 11, '악세서리', '벨트', 94034, 79929, 15);
INSERT INTO products (product_id, product_name, stock, main_category, sub_category, price, discount_price, discount_rate) VALUES (28, '상의_셔츠_id', 57, '상의', '셔츠', 103718, 88161, 15);
INSERT INTO products (product_id, product_name, stock, main_category, sub_category, price, discount_price, discount_rate) VALUES (29, '상의_맨투맨_ipsum', 40, '상의', '맨투맨', 57124, 57124, 0);
INSERT INTO products (product_id, product_name, stock, main_category, sub_category, price, discount_price, discount_rate) VALUES (30, '상의_맨투맨_provident', 41, '상의', '맨투맨', 53678, 37575, 30);
INSERT INTO products (product_id, product_name, stock, main_category, sub_category, price, discount_price, discount_rate) VALUES (31, '하의_청바지_repellat', 76, '하의', '청바지', 105235, 99974, 5);
INSERT INTO products (product_id, product_name, stock, main_category, sub_category, price, discount_price, discount_rate) VALUES (32, '가방_크로스백_esse', 90, '가방', '크로스백', 137257, 130395, 5);
INSERT INTO products (product_id, product_name, stock, main_category, sub_category, price, discount_price, discount_rate) VALUES (33, '신발_샌들_rerum', 13, '신발', '샌들', 69657, 48760, 30);
INSERT INTO products (product_id, product_name, stock, main_category, sub_category, price, discount_price, discount_rate) VALUES (34, '하의_청바지_officiis', 15, '하의', '청바지', 104391, 88733, 15);
INSERT INTO products (product_id, product_name, stock, main_category, sub_category, price, discount_price, discount_rate) VALUES (35, '신발_부츠_iure', 47, '신발', '부츠', 77717, 69946, 10);
INSERT INTO products (product_id, product_name, stock, main_category, sub_category, price, discount_price, discount_rate) VALUES (36, '상의_맨투맨_maiores', 71, '상의', '맨투맨', 129478, 103583, 20);
INSERT INTO products (product_id, product_name, stock, main_category, sub_category, price, discount_price, discount_rate) VALUES (37, '하의_슬랙스_eligendi', 11, '하의', '슬랙스', 124995, 99996, 20);
INSERT INTO products (product_id, product_name, stock, main_category, sub_category, price, discount_price, discount_rate) VALUES (38, '가방_크로스백_reprehenderit', 19, '가방', '크로스백', 54317, 51602, 5);
INSERT INTO products (product_id, product_name, stock, main_category, sub_category, price, discount_price, discount_rate) VALUES (39, '상의_맨투맨_placeat', 66, '상의', '맨투맨', 113562, 107884, 5);
INSERT INTO products (product_id, product_name, stock, main_category, sub_category, price, discount_price, discount_rate) VALUES (40, '가방_크로스백_temporibus', 64, '가방', '크로스백', 25321, 21523, 15);
INSERT INTO products (product_id, product_name, stock, main_category, sub_category, price, discount_price, discount_rate) VALUES (41, '신발_샌들_quibusdam', 29, '신발', '샌들', 60977, 60977, 0);
INSERT INTO products (product_id, product_name, stock, main_category, sub_category, price, discount_price, discount_rate) VALUES (42, '상의_후드_sed', 19, '상의', '후드', 34338, 24037, 30);
INSERT INTO products (product_id, product_name, stock, main_category, sub_category, price, discount_price, discount_rate) VALUES (43, '신발_부츠_natus', 23, '신발', '부츠', 90676, 86143, 5);
INSERT INTO products (product_id, product_name, stock, main_category, sub_category, price, discount_price, discount_rate) VALUES (44, '신발_부츠_quae', 84, '신발', '부츠', 37805, 30244, 20);
INSERT INTO products (product_id, product_name, stock, main_category, sub_category, price, discount_price, discount_rate) VALUES (45, '악세서리_모자_cupiditate', 14, '악세서리', '모자', 126791, 126791, 0);
INSERT INTO products (product_id, product_name, stock, main_category, sub_category, price, discount_price, discount_rate) VALUES (46, '가방_백팩_quaerat', 63, '가방', '백팩', 33305, 29975, 10);
INSERT INTO products (product_id, product_name, stock, main_category, sub_category, price, discount_price, discount_rate) VALUES (47, '하의_슬랙스_earum', 53, '하의', '슬랙스', 54114, 37880, 30);
INSERT INTO products (product_id, product_name, stock, main_category, sub_category, price, discount_price, discount_rate) VALUES (48, '악세서리_벨트_reprehenderit', 71, '악세서리', '벨트', 49988, 39991, 20);
INSERT INTO products (product_id, product_name, stock, main_category, sub_category, price, discount_price, discount_rate) VALUES (49, '악세서리_시계_reprehenderit', 36, '악세서리', '시계', 44666, 37967, 15);
INSERT INTO products (product_id, product_name, stock, main_category, sub_category, price, discount_price, discount_rate) VALUES (50, '악세서리_시계_delectus', 38, '악세서리', '시계', 54763, 49287, 10);

INSERT INTO orders (order_id, customer_id, product_id, quantity, order_date) VALUES (1, 46, 8, 2, '2025-06-17');
INSERT INTO orders (order_id, customer_id, product_id, quantity, order_date) VALUES (2, 98, 4, 3, '2025-07-20');
INSERT INTO orders (order_id, customer_id, product_id, quantity, order_date) VALUES (3, 10, 50, 3, '2025-07-13');
INSERT INTO orders (order_id, customer_id, product_id, quantity, order_date) VALUES (4, 37, 22, 3, '2025-07-10');
INSERT INTO orders (order_id, customer_id, product_id, quantity, order_date) VALUES (5, 21, 21, 1, '2025-07-30');
INSERT INTO orders (order_id, customer_id, product_id, quantity, order_date) VALUES (6, 80, 40, 1, '2025-08-06');
INSERT INTO orders (order_id, customer_id, product_id, quantity, order_date) VALUES (7, 6, 13, 3, '2025-07-29');
INSERT INTO orders (order_id, customer_id, product_id, quantity, order_date) VALUES (8, 72, 48, 2, '2025-07-31');
INSERT INTO orders (order_id, customer_id, product_id, quantity, order_date) VALUES (9, 52, 3, 3, '2025-08-02');
INSERT INTO orders (order_id, customer_id, product_id, quantity, order_date) VALUES (10, 74, 16, 2, '2025-06-05');
INSERT INTO orders (order_id, customer_id, product_id, quantity, order_date) VALUES (11, 43, 7, 3, '2025-07-31');
INSERT INTO orders (order_id, customer_id, product_id, quantity, order_date) VALUES (12, 66, 35, 1, '2025-05-20');
INSERT INTO orders (order_id, customer_id, product_id, quantity, order_date) VALUES (13, 48, 30, 1, '2025-06-04');
INSERT INTO orders (order_id, customer_id, product_id, quantity, order_date) VALUES (14, 30, 34, 3, '2025-06-21');
INSERT INTO orders (order_id, customer_id, product_id, quantity, order_date) VALUES (15, 82, 32, 2, '2025-07-21');
INSERT INTO orders (order_id, customer_id, product_id, quantity, order_date) VALUES (16, 11, 44, 1, '2025-07-14');
INSERT INTO orders (order_id, customer_id, product_id, quantity, order_date) VALUES (17, 23, 48, 1, '2025-08-05');
INSERT INTO orders (order_id, customer_id, product_id, quantity, order_date) VALUES (18, 99, 29, 3, '2025-05-10');
INSERT INTO orders (order_id, customer_id, product_id, quantity, order_date) VALUES (19, 11, 39, 1, '2025-07-10');
INSERT INTO orders (order_id, customer_id, product_id, quantity, order_date) VALUES (20, 24, 5, 2, '2025-06-30');
INSERT INTO orders (order_id, customer_id, product_id, quantity, order_date) VALUES (21, 51, 23, 3, '2025-07-31');
INSERT INTO orders (order_id, customer_id, product_id, quantity, order_date) VALUES (22, 44, 9, 2, '2025-07-21');
INSERT INTO orders (order_id, customer_id, product_id, quantity, order_date) VALUES (23, 91, 5, 1, '2025-07-21');
INSERT INTO orders (order_id, customer_id, product_id, quantity, order_date) VALUES (24, 48, 40, 1, '2025-06-04');
INSERT INTO orders (order_id, customer_id, product_id, quantity, order_date) VALUES (25, 28, 18, 1, '2025-05-25');
INSERT INTO orders (order_id, customer_id, product_id, quantity, order_date) VALUES (26, 79, 1, 1, '2025-07-24');
INSERT INTO orders (order_id, customer_id, product_id, quantity, order_date) VALUES (27, 57, 22, 1, '2025-06-16');
INSERT INTO orders (order_id, customer_id, product_id, quantity, order_date) VALUES (28, 69, 11, 3, '2025-05-10');
INSERT INTO orders (order_id, customer_id, product_id, quantity, order_date) VALUES (29, 69, 29, 3, '2025-07-17');
INSERT INTO orders (order_id, customer_id, product_id, quantity, order_date) VALUES (30, 45, 34, 1, '2025-07-14');
INSERT INTO orders (order_id, customer_id, product_id, quantity, order_date) VALUES (31, 95, 27, 1, '2025-05-20');
INSERT INTO orders (order_id, customer_id, product_id, quantity, order_date) VALUES (32, 91, 46, 2, '2025-06-24');
INSERT INTO orders (order_id, customer_id, product_id, quantity, order_date) VALUES (33, 8, 47, 2, '2025-05-14');
INSERT INTO orders (order_id, customer_id, product_id, quantity, order_date) VALUES (34, 63, 45, 2, '2025-06-20');
INSERT INTO orders (order_id, customer_id, product_id, quantity, order_date) VALUES (35, 40, 17, 2, '2025-07-15');
INSERT INTO orders (order_id, customer_id, product_id, quantity, order_date) VALUES (36, 12, 19, 2, '2025-07-28');
INSERT INTO orders (order_id, customer_id, product_id, quantity, order_date) VALUES (37, 78, 19, 1, '2025-07-12');
INSERT INTO orders (order_id, customer_id, product_id, quantity, order_date) VALUES (38, 43, 12, 1, '2025-05-17');
INSERT INTO orders (order_id, customer_id, product_id, quantity, order_date) VALUES (39, 89, 45, 2, '2025-06-27');
INSERT INTO orders (order_id, customer_id, product_id, quantity, order_date) VALUES (40, 92, 5, 2, '2025-06-06');
INSERT INTO orders (order_id, customer_id, product_id, quantity, order_date) VALUES (41, 17, 25, 3, '2025-06-16');
INSERT INTO orders (order_id, customer_id, product_id, quantity, order_date) VALUES (42, 86, 41, 1, '2025-06-21');
INSERT INTO orders (order_id, customer_id, product_id, quantity, order_date) VALUES (43, 39, 43, 3, '2025-07-16');
INSERT INTO orders (order_id, customer_id, product_id, quantity, order_date) VALUES (44, 61, 38, 3, '2025-06-13');
INSERT INTO orders (order_id, customer_id, product_id, quantity, order_date) VALUES (45, 83, 28, 2, '2025-05-28');
INSERT INTO orders (order_id, customer_id, product_id, quantity, order_date) VALUES (46, 38, 37, 1, '2025-05-10');
INSERT INTO orders (order_id, customer_id, product_id, quantity, order_date) VALUES (47, 49, 4, 1, '2025-07-02');
INSERT INTO orders (order_id, customer_id, product_id, quantity, order_date) VALUES (48, 7, 5, 3, '2025-05-26');
INSERT INTO orders (order_id, customer_id, product_id, quantity, order_date) VALUES (49, 99, 6, 1, '2025-07-16');
INSERT INTO orders (order_id, customer_id, product_id, quantity, order_date) VALUES (50, 24, 2, 3, '2025-07-10');
INSERT INTO orders (order_id, customer_id, product_id, quantity, order_date) VALUES (51, 29, 17, 2, '2025-05-14');
INSERT INTO orders (order_id, customer_id, product_id, quantity, order_date) VALUES (52, 2, 15, 3, '2025-05-27');
INSERT INTO orders (order_id, customer_id, product_id, quantity, order_date) VALUES (53, 22, 14, 2, '2025-06-10');
INSERT INTO orders (order_id, customer_id, product_id, quantity, order_date) VALUES (54, 40, 37, 3, '2025-05-14');
INSERT INTO orders (order_id, customer_id, product_id, quantity, order_date) VALUES (55, 40, 41, 1, '2025-06-10');
INSERT INTO orders (order_id, customer_id, product_id, quantity, order_date) VALUES (56, 67, 47, 3, '2025-06-30');
INSERT INTO orders (order_id, customer_id, product_id, quantity, order_date) VALUES (57, 39, 33, 1, '2025-07-12');
INSERT INTO orders (order_id, customer_id, product_id, quantity, order_date) VALUES (58, 21, 45, 1, '2025-06-05');
INSERT INTO orders (order_id, customer_id, product_id, quantity, order_date) VALUES (59, 36, 34, 3, '2025-06-23');
INSERT INTO orders (order_id, customer_id, product_id, quantity, order_date) VALUES (60, 90, 45, 1, '2025-05-20');
INSERT INTO orders (order_id, customer_id, product_id, quantity, order_date) VALUES (61, 31, 2, 3, '2025-05-24');
INSERT INTO orders (order_id, customer_id, product_id, quantity, order_date) VALUES (62, 57, 8, 1, '2025-07-28');
INSERT INTO orders (order_id, customer_id, product_id, quantity, order_date) VALUES (63, 90, 4, 2, '2025-07-23');
INSERT INTO orders (order_id, customer_id, product_id, quantity, order_date) VALUES (64, 47, 38, 3, '2025-07-28');
INSERT INTO orders (order_id, customer_id, product_id, quantity, order_date) VALUES (65, 82, 45, 2, '2025-07-15');
INSERT INTO orders (order_id, customer_id, product_id, quantity, order_date) VALUES (66, 31, 19, 2, '2025-05-24');
INSERT INTO orders (order_id, customer_id, product_id, quantity, order_date) VALUES (67, 19, 42, 2, '2025-06-25');
INSERT INTO orders (order_id, customer_id, product_id, quantity, order_date) VALUES (68, 9, 6, 2, '2025-07-23');
INSERT INTO orders (order_id, customer_id, product_id, quantity, order_date) VALUES (69, 10, 21, 3, '2025-06-22');
INSERT INTO orders (order_id, customer_id, product_id, quantity, order_date) VALUES (70, 85, 46, 1, '2025-07-13');
INSERT INTO orders (order_id, customer_id, product_id, quantity, order_date) VALUES (71, 19, 8, 2, '2025-05-13');
INSERT INTO orders (order_id, customer_id, product_id, quantity, order_date) VALUES (72, 35, 36, 1, '2025-06-24');
INSERT INTO orders (order_id, customer_id, product_id, quantity, order_date) VALUES (73, 99, 22, 2, '2025-07-02');
INSERT INTO orders (order_id, customer_id, product_id, quantity, order_date) VALUES (74, 40, 15, 2, '2025-05-17');
INSERT INTO orders (order_id, customer_id, product_id, quantity, order_date) VALUES (75, 48, 23, 3, '2025-06-06');
INSERT INTO orders (order_id, customer_id, product_id, quantity, order_date) VALUES (76, 29, 47, 1, '2025-06-11');
INSERT INTO orders (order_id, customer_id, product_id, quantity, order_date) VALUES (77, 88, 45, 1, '2025-05-10');
INSERT INTO orders (order_id, customer_id, product_id, quantity, order_date) VALUES (78, 69, 32, 3, '2025-07-14');
INSERT INTO orders (order_id, customer_id, product_id, quantity, order_date) VALUES (79, 21, 16, 2, '2025-05-12');
INSERT INTO orders (order_id, customer_id, product_id, quantity, order_date) VALUES (80, 12, 26, 2, '2025-08-05');
INSERT INTO orders (order_id, customer_id, product_id, quantity, order_date) VALUES (81, 54, 2, 3, '2025-06-16');
INSERT INTO orders (order_id, customer_id, product_id, quantity, order_date) VALUES (82, 24, 28, 3, '2025-07-21');
INSERT INTO orders (order_id, customer_id, product_id, quantity, order_date) VALUES (83, 21, 29, 3, '2025-06-13');
INSERT INTO orders (order_id, customer_id, product_id, quantity, order_date) VALUES (84, 34, 20, 1, '2025-06-09');
INSERT INTO orders (order_id, customer_id, product_id, quantity, order_date) VALUES (85, 84, 12, 3, '2025-07-09');
INSERT INTO orders (order_id, customer_id, product_id, quantity, order_date) VALUES (86, 36, 9, 1, '2025-05-28');
INSERT INTO orders (order_id, customer_id, product_id, quantity, order_date) VALUES (87, 93, 35, 1, '2025-08-02');
INSERT INTO orders (order_id, customer_id, product_id, quantity, order_date) VALUES (88, 19, 31, 3, '2025-07-27');
INSERT INTO orders (order_id, customer_id, product_id, quantity, order_date) VALUES (89, 70, 34, 2, '2025-06-29');
INSERT INTO orders (order_id, customer_id, product_id, quantity, order_date) VALUES (90, 6, 11, 1, '2025-07-06');
INSERT INTO orders (order_id, customer_id, product_id, quantity, order_date) VALUES (91, 43, 18, 1, '2025-06-27');
INSERT INTO orders (order_id, customer_id, product_id, quantity, order_date) VALUES (92, 52, 20, 2, '2025-07-11');
INSERT INTO orders (order_id, customer_id, product_id, quantity, order_date) VALUES (93, 23, 12, 1, '2025-07-01');
INSERT INTO orders (order_id, customer_id, product_id, quantity, order_date) VALUES (94, 8, 15, 3, '2025-05-18');
INSERT INTO orders (order_id, customer_id, product_id, quantity, order_date) VALUES (95, 10, 12, 3, '2025-07-19');
INSERT INTO orders (order_id, customer_id, product_id, quantity, order_date) VALUES (96, 15, 47, 3, '2025-05-22');
INSERT INTO orders (order_id, customer_id, product_id, quantity, order_date) VALUES (97, 60, 16, 1, '2025-07-20');
INSERT INTO orders (order_id, customer_id, product_id, quantity, order_date) VALUES (98, 38, 8, 1, '2025-05-19');
INSERT INTO orders (order_id, customer_id, product_id, quantity, order_date) VALUES (99, 49, 30, 2, '2025-07-11');
INSERT INTO orders (order_id, customer_id, product_id, quantity, order_date) VALUES (100, 14, 19, 3, '2025-05-20');
INSERT INTO orders (order_id, customer_id, product_id, quantity, order_date) VALUES (101, 6, 23, 1, '2025-06-06');
INSERT INTO orders (order_id, customer_id, product_id, quantity, order_date) VALUES (102, 98, 33, 1, '2025-06-06');
INSERT INTO orders (order_id, customer_id, product_id, quantity, order_date) VALUES (103, 55, 18, 1, '2025-06-06');
INSERT INTO orders (order_id, customer_id, product_id, quantity, order_date) VALUES (104, 26, 9, 2, '2025-06-03');
INSERT INTO orders (order_id, customer_id, product_id, quantity, order_date) VALUES (105, 12, 29, 2, '2025-06-20');
INSERT INTO orders (order_id, customer_id, product_id, quantity, order_date) VALUES (106, 45, 37, 2, '2025-05-18');
INSERT INTO orders (order_id, customer_id, product_id, quantity, order_date) VALUES (107, 13, 3, 2, '2025-06-24');
INSERT INTO orders (order_id, customer_id, product_id, quantity, order_date) VALUES (108, 90, 35, 1, '2025-05-15');
INSERT INTO orders (order_id, customer_id, product_id, quantity, order_date) VALUES (109, 48, 12, 2, '2025-06-07');
INSERT INTO orders (order_id, customer_id, product_id, quantity, order_date) VALUES (110, 43, 28, 3, '2025-06-06');
INSERT INTO orders (order_id, customer_id, product_id, quantity, order_date) VALUES (111, 47, 30, 3, '2025-06-08');
INSERT INTO orders (order_id, customer_id, product_id, quantity, order_date) VALUES (112, 13, 12, 3, '2025-07-01');
INSERT INTO orders (order_id, customer_id, product_id, quantity, order_date) VALUES (113, 4, 2, 2, '2025-07-22');
INSERT INTO orders (order_id, customer_id, product_id, quantity, order_date) VALUES (114, 46, 10, 3, '2025-06-05');
INSERT INTO orders (order_id, customer_id, product_id, quantity, order_date) VALUES (115, 100, 30, 3, '2025-05-24');
INSERT INTO orders (order_id, customer_id, product_id, quantity, order_date) VALUES (116, 6, 11, 2, '2025-06-12');
INSERT INTO orders (order_id, customer_id, product_id, quantity, order_date) VALUES (117, 50, 10, 2, '2025-06-29');
INSERT INTO orders (order_id, customer_id, product_id, quantity, order_date) VALUES (118, 97, 28, 1, '2025-08-04');
INSERT INTO orders (order_id, customer_id, product_id, quantity, order_date) VALUES (119, 7, 41, 3, '2025-05-12');
INSERT INTO orders (order_id, customer_id, product_id, quantity, order_date) VALUES (120, 85, 32, 3, '2025-07-20');
INSERT INTO orders (order_id, customer_id, product_id, quantity, order_date) VALUES (121, 89, 7, 3, '2025-07-13');
INSERT INTO orders (order_id, customer_id, product_id, quantity, order_date) VALUES (122, 23, 16, 3, '2025-08-04');
INSERT INTO orders (order_id, customer_id, product_id, quantity, order_date) VALUES (123, 5, 9, 2, '2025-06-04');
INSERT INTO orders (order_id, customer_id, product_id, quantity, order_date) VALUES (124, 15, 21, 3, '2025-05-17');
INSERT INTO orders (order_id, customer_id, product_id, quantity, order_date) VALUES (125, 55, 38, 1, '2025-06-01');
INSERT INTO orders (order_id, customer_id, product_id, quantity, order_date) VALUES (126, 51, 16, 2, '2025-06-06');
INSERT INTO orders (order_id, customer_id, product_id, quantity, order_date) VALUES (127, 84, 40, 3, '2025-07-26');
INSERT INTO orders (order_id, customer_id, product_id, quantity, order_date) VALUES (128, 7, 8, 2, '2025-08-02');
INSERT INTO orders (order_id, customer_id, product_id, quantity, order_date) VALUES (129, 30, 41, 1, '2025-05-12');
INSERT INTO orders (order_id, customer_id, product_id, quantity, order_date) VALUES (130, 99, 19, 2, '2025-07-02');
INSERT INTO orders (order_id, customer_id, product_id, quantity, order_date) VALUES (131, 92, 18, 1, '2025-07-19');
INSERT INTO orders (order_id, customer_id, product_id, quantity, order_date) VALUES (132, 44, 5, 3, '2025-05-13');
INSERT INTO orders (order_id, customer_id, product_id, quantity, order_date) VALUES (133, 61, 4, 3, '2025-06-11');
INSERT INTO orders (order_id, customer_id, product_id, quantity, order_date) VALUES (134, 16, 27, 3, '2025-07-25');
INSERT INTO orders (order_id, customer_id, product_id, quantity, order_date) VALUES (135, 83, 25, 3, '2025-07-14');
INSERT INTO orders (order_id, customer_id, product_id, quantity, order_date) VALUES (136, 73, 46, 1, '2025-06-11');
INSERT INTO orders (order_id, customer_id, product_id, quantity, order_date) VALUES (137, 97, 12, 1, '2025-08-02');
INSERT INTO orders (order_id, customer_id, product_id, quantity, order_date) VALUES (138, 71, 20, 2, '2025-06-09');
INSERT INTO orders (order_id, customer_id, product_id, quantity, order_date) VALUES (139, 48, 34, 1, '2025-06-19');
INSERT INTO orders (order_id, customer_id, product_id, quantity, order_date) VALUES (140, 8, 3, 2, '2025-06-08');
INSERT INTO orders (order_id, customer_id, product_id, quantity, order_date) VALUES (141, 16, 48, 3, '2025-05-20');
INSERT INTO orders (order_id, customer_id, product_id, quantity, order_date) VALUES (142, 26, 9, 1, '2025-06-17');
INSERT INTO orders (order_id, customer_id, product_id, quantity, order_date) VALUES (143, 28, 16, 1, '2025-05-19');
INSERT INTO orders (order_id, customer_id, product_id, quantity, order_date) VALUES (144, 8, 10, 1, '2025-05-16');
INSERT INTO orders (order_id, customer_id, product_id, quantity, order_date) VALUES (145, 84, 6, 2, '2025-06-12');
INSERT INTO orders (order_id, customer_id, product_id, quantity, order_date) VALUES (146, 75, 33, 2, '2025-05-22');
INSERT INTO orders (order_id, customer_id, product_id, quantity, order_date) VALUES (147, 34, 26, 1, '2025-06-23');
INSERT INTO orders (order_id, customer_id, product_id, quantity, order_date) VALUES (148, 76, 15, 3, '2025-07-24');
INSERT INTO orders (order_id, customer_id, product_id, quantity, order_date) VALUES (149, 76, 32, 2, '2025-05-31');
INSERT INTO orders (order_id, customer_id, product_id, quantity, order_date) VALUES (150, 49, 11, 2, '2025-07-22');
INSERT INTO orders (order_id, customer_id, product_id, quantity, order_date) VALUES (151, 3, 50, 2, '2025-05-17');
INSERT INTO orders (order_id, customer_id, product_id, quantity, order_date) VALUES (152, 4, 13, 1, '2025-05-13');
INSERT INTO orders (order_id, customer_id, product_id, quantity, order_date) VALUES (153, 69, 12, 2, '2025-05-27');
INSERT INTO orders (order_id, customer_id, product_id, quantity, order_date) VALUES (154, 27, 35, 2, '2025-06-25');
INSERT INTO orders (order_id, customer_id, product_id, quantity, order_date) VALUES (155, 82, 7, 2, '2025-06-18');
INSERT INTO orders (order_id, customer_id, product_id, quantity, order_date) VALUES (156, 68, 49, 1, '2025-05-23');
INSERT INTO orders (order_id, customer_id, product_id, quantity, order_date) VALUES (157, 59, 23, 2, '2025-05-29');
INSERT INTO orders (order_id, customer_id, product_id, quantity, order_date) VALUES (158, 3, 20, 1, '2025-05-31');
INSERT INTO orders (order_id, customer_id, product_id, quantity, order_date) VALUES (159, 99, 36, 1, '2025-07-14');
INSERT INTO orders (order_id, customer_id, product_id, quantity, order_date) VALUES (160, 55, 10, 3, '2025-05-24');
INSERT INTO orders (order_id, customer_id, product_id, quantity, order_date) VALUES (161, 60, 8, 3, '2025-06-17');
INSERT INTO orders (order_id, customer_id, product_id, quantity, order_date) VALUES (162, 75, 42, 2, '2025-07-09');
INSERT INTO orders (order_id, customer_id, product_id, quantity, order_date) VALUES (163, 32, 44, 3, '2025-05-13');
INSERT INTO orders (order_id, customer_id, product_id, quantity, order_date) VALUES (164, 9, 21, 3, '2025-07-06');
INSERT INTO orders (order_id, customer_id, product_id, quantity, order_date) VALUES (165, 41, 17, 2, '2025-05-11');
INSERT INTO orders (order_id, customer_id, product_id, quantity, order_date) VALUES (166, 16, 28, 3, '2025-07-22');
INSERT INTO orders (order_id, customer_id, product_id, quantity, order_date) VALUES (167, 77, 20, 1, '2025-05-29');
INSERT INTO orders (order_id, customer_id, product_id, quantity, order_date) VALUES (168, 39, 3, 3, '2025-06-18');
INSERT INTO orders (order_id, customer_id, product_id, quantity, order_date) VALUES (169, 100, 18, 2, '2025-06-28');
INSERT INTO orders (order_id, customer_id, product_id, quantity, order_date) VALUES (170, 25, 34, 1, '2025-06-16');
INSERT INTO orders (order_id, customer_id, product_id, quantity, order_date) VALUES (171, 99, 40, 3, '2025-06-17');
INSERT INTO orders (order_id, customer_id, product_id, quantity, order_date) VALUES (172, 50, 46, 2, '2025-05-17');
INSERT INTO orders (order_id, customer_id, product_id, quantity, order_date) VALUES (173, 29, 6, 2, '2025-08-03');
INSERT INTO orders (order_id, customer_id, product_id, quantity, order_date) VALUES (174, 15, 4, 3, '2025-07-06');
INSERT INTO orders (order_id, customer_id, product_id, quantity, order_date) VALUES (175, 53, 4, 1, '2025-06-30');
INSERT INTO orders (order_id, customer_id, product_id, quantity, order_date) VALUES (176, 65, 10, 2, '2025-07-10');
INSERT INTO orders (order_id, customer_id, product_id, quantity, order_date) VALUES (177, 46, 7, 2, '2025-05-21');
INSERT INTO orders (order_id, customer_id, product_id, quantity, order_date) VALUES (178, 94, 37, 1, '2025-07-25');
INSERT INTO orders (order_id, customer_id, product_id, quantity, order_date) VALUES (179, 78, 12, 2, '2025-05-11');
INSERT INTO orders (order_id, customer_id, product_id, quantity, order_date) VALUES (180, 24, 32, 3, '2025-05-29');
INSERT INTO orders (order_id, customer_id, product_id, quantity, order_date) VALUES (181, 89, 11, 2, '2025-05-10');
INSERT INTO orders (order_id, customer_id, product_id, quantity, order_date) VALUES (182, 72, 18, 1, '2025-06-19');
INSERT INTO orders (order_id, customer_id, product_id, quantity, order_date) VALUES (183, 92, 49, 1, '2025-05-25');
INSERT INTO orders (order_id, customer_id, product_id, quantity, order_date) VALUES (184, 37, 30, 2, '2025-05-14');
INSERT INTO orders (order_id, customer_id, product_id, quantity, order_date) VALUES (185, 99, 2, 1, '2025-06-27');
INSERT INTO orders (order_id, customer_id, product_id, quantity, order_date) VALUES (186, 90, 48, 3, '2025-05-13');
INSERT INTO orders (order_id, customer_id, product_id, quantity, order_date) VALUES (187, 36, 3, 3, '2025-06-20');
INSERT INTO orders (order_id, customer_id, product_id, quantity, order_date) VALUES (188, 18, 30, 3, '2025-07-04');
INSERT INTO orders (order_id, customer_id, product_id, quantity, order_date) VALUES (189, 10, 2, 3, '2025-05-31');
INSERT INTO orders (order_id, customer_id, product_id, quantity, order_date) VALUES (190, 98, 32, 1, '2025-06-09');
INSERT INTO orders (order_id, customer_id, product_id, quantity, order_date) VALUES (191, 85, 35, 2, '2025-07-23');
INSERT INTO orders (order_id, customer_id, product_id, quantity, order_date) VALUES (192, 30, 29, 1, '2025-07-24');
INSERT INTO orders (order_id, customer_id, product_id, quantity, order_date) VALUES (193, 91, 40, 3, '2025-07-02');
INSERT INTO orders (order_id, customer_id, product_id, quantity, order_date) VALUES (194, 30, 1, 2, '2025-05-11');
INSERT INTO orders (order_id, customer_id, product_id, quantity, order_date) VALUES (195, 47, 47, 3, '2025-06-19');
INSERT INTO orders (order_id, customer_id, product_id, quantity, order_date) VALUES (196, 82, 37, 2, '2025-07-16');
INSERT INTO orders (order_id, customer_id, product_id, quantity, order_date) VALUES (197, 45, 10, 3, '2025-06-23');
INSERT INTO orders (order_id, customer_id, product_id, quantity, order_date) VALUES (198, 92, 7, 2, '2025-07-20');
INSERT INTO orders (order_id, customer_id, product_id, quantity, order_date) VALUES (199, 1, 26, 3, '2025-08-04');
INSERT INTO orders (order_id, customer_id, product_id, quantity, order_date) VALUES (200, 90, 47, 3, '2025-05-20');
INSERT INTO orders (order_id, customer_id, product_id, quantity, order_date) VALUES (201, 74, 28, 2, '2025-06-08');
INSERT INTO orders (order_id, customer_id, product_id, quantity, order_date) VALUES (202, 26, 18, 3, '2025-07-07');
INSERT INTO orders (order_id, customer_id, product_id, quantity, order_date) VALUES (203, 92, 10, 2, '2025-06-24');
INSERT INTO orders (order_id, customer_id, product_id, quantity, order_date) VALUES (204, 10, 3, 1, '2025-06-23');
INSERT INTO orders (order_id, customer_id, product_id, quantity, order_date) VALUES (205, 67, 44, 1, '2025-08-01');
INSERT INTO orders (order_id, customer_id, product_id, quantity, order_date) VALUES (206, 65, 37, 2, '2025-05-25');
INSERT INTO orders (order_id, customer_id, product_id, quantity, order_date) VALUES (207, 51, 15, 3, '2025-07-17');
INSERT INTO orders (order_id, customer_id, product_id, quantity, order_date) VALUES (208, 72, 5, 3, '2025-06-25');
INSERT INTO orders (order_id, customer_id, product_id, quantity, order_date) VALUES (209, 7, 32, 3, '2025-06-20');
INSERT INTO orders (order_id, customer_id, product_id, quantity, order_date) VALUES (210, 93, 36, 3, '2025-05-18');
INSERT INTO orders (order_id, customer_id, product_id, quantity, order_date) VALUES (211, 17, 29, 1, '2025-05-28');
INSERT INTO orders (order_id, customer_id, product_id, quantity, order_date) VALUES (212, 9, 37, 2, '2025-07-03');
INSERT INTO orders (order_id, customer_id, product_id, quantity, order_date) VALUES (213, 23, 28, 1, '2025-05-29');
INSERT INTO orders (order_id, customer_id, product_id, quantity, order_date) VALUES (214, 41, 8, 2, '2025-06-15');
INSERT INTO orders (order_id, customer_id, product_id, quantity, order_date) VALUES (215, 68, 20, 1, '2025-06-10');
INSERT INTO orders (order_id, customer_id, product_id, quantity, order_date) VALUES (216, 88, 17, 3, '2025-05-14');
INSERT INTO orders (order_id, customer_id, product_id, quantity, order_date) VALUES (217, 67, 43, 2, '2025-06-13');
INSERT INTO orders (order_id, customer_id, product_id, quantity, order_date) VALUES (218, 4, 39, 1, '2025-06-02');
INSERT INTO orders (order_id, customer_id, product_id, quantity, order_date) VALUES (219, 50, 4, 1, '2025-06-10');
INSERT INTO orders (order_id, customer_id, product_id, quantity, order_date) VALUES (220, 63, 29, 1, '2025-07-02');
INSERT INTO orders (order_id, customer_id, product_id, quantity, order_date) VALUES (221, 65, 21, 1, '2025-07-23');
INSERT INTO orders (order_id, customer_id, product_id, quantity, order_date) VALUES (222, 68, 20, 3, '2025-07-03');
INSERT INTO orders (order_id, customer_id, product_id, quantity, order_date) VALUES (223, 9, 20, 1, '2025-07-07');
INSERT INTO orders (order_id, customer_id, product_id, quantity, order_date) VALUES (224, 82, 35, 1, '2025-05-21');
INSERT INTO orders (order_id, customer_id, product_id, quantity, order_date) VALUES (225, 80, 10, 3, '2025-05-18');
INSERT INTO orders (order_id, customer_id, product_id, quantity, order_date) VALUES (226, 35, 4, 3, '2025-06-19');
INSERT INTO orders (order_id, customer_id, product_id, quantity, order_date) VALUES (227, 84, 27, 3, '2025-07-07');
INSERT INTO orders (order_id, customer_id, product_id, quantity, order_date) VALUES (228, 77, 29, 1, '2025-08-03');
INSERT INTO orders (order_id, customer_id, product_id, quantity, order_date) VALUES (229, 21, 21, 2, '2025-06-26');
INSERT INTO orders (order_id, customer_id, product_id, quantity, order_date) VALUES (230, 64, 18, 1, '2025-06-22');
INSERT INTO orders (order_id, customer_id, product_id, quantity, order_date) VALUES (231, 97, 25, 3, '2025-07-14');
INSERT INTO orders (order_id, customer_id, product_id, quantity, order_date) VALUES (232, 100, 42, 2, '2025-05-20');
INSERT INTO orders (order_id, customer_id, product_id, quantity, order_date) VALUES (233, 99, 30, 3, '2025-05-23');
INSERT INTO orders (order_id, customer_id, product_id, quantity, order_date) VALUES (234, 12, 15, 2, '2025-08-04');
INSERT INTO orders (order_id, customer_id, product_id, quantity, order_date) VALUES (235, 52, 40, 3, '2025-06-27');
INSERT INTO orders (order_id, customer_id, product_id, quantity, order_date) VALUES (236, 30, 12, 3, '2025-07-23');
INSERT INTO orders (order_id, customer_id, product_id, quantity, order_date) VALUES (237, 69, 18, 2, '2025-07-06');
INSERT INTO orders (order_id, customer_id, product_id, quantity, order_date) VALUES (238, 37, 32, 3, '2025-06-19');
INSERT INTO orders (order_id, customer_id, product_id, quantity, order_date) VALUES (239, 52, 31, 1, '2025-05-20');
INSERT INTO orders (order_id, customer_id, product_id, quantity, order_date) VALUES (240, 32, 50, 3, '2025-06-01');
INSERT INTO orders (order_id, customer_id, product_id, quantity, order_date) VALUES (241, 84, 31, 2, '2025-06-13');
INSERT INTO orders (order_id, customer_id, product_id, quantity, order_date) VALUES (242, 19, 48, 3, '2025-07-09');
INSERT INTO orders (order_id, customer_id, product_id, quantity, order_date) VALUES (243, 30, 26, 1, '2025-06-21');
INSERT INTO orders (order_id, customer_id, product_id, quantity, order_date) VALUES (244, 33, 34, 1, '2025-07-22');
INSERT INTO orders (order_id, customer_id, product_id, quantity, order_date) VALUES (245, 97, 6, 1, '2025-06-21');
INSERT INTO orders (order_id, customer_id, product_id, quantity, order_date) VALUES (246, 79, 7, 2, '2025-06-21');
INSERT INTO orders (order_id, customer_id, product_id, quantity, order_date) VALUES (247, 15, 48, 1, '2025-05-22');
INSERT INTO orders (order_id, customer_id, product_id, quantity, order_date) VALUES (248, 34, 45, 1, '2025-08-05');
INSERT INTO orders (order_id, customer_id, product_id, quantity, order_date) VALUES (249, 66, 3, 2, '2025-08-01');
INSERT INTO orders (order_id, customer_id, product_id, quantity, order_date) VALUES (250, 64, 31, 1, '2025-06-17');
INSERT INTO orders (order_id, customer_id, product_id, quantity, order_date) VALUES (251, 73, 1, 1, '2025-06-04');
INSERT INTO orders (order_id, customer_id, product_id, quantity, order_date) VALUES (252, 33, 15, 1, '2025-07-13');
INSERT INTO orders (order_id, customer_id, product_id, quantity, order_date) VALUES (253, 47, 11, 1, '2025-08-01');
INSERT INTO orders (order_id, customer_id, product_id, quantity, order_date) VALUES (254, 69, 36, 2, '2025-05-12');
INSERT INTO orders (order_id, customer_id, product_id, quantity, order_date) VALUES (255, 68, 47, 2, '2025-05-13');
INSERT INTO orders (order_id, customer_id, product_id, quantity, order_date) VALUES (256, 86, 28, 3, '2025-06-27');
INSERT INTO orders (order_id, customer_id, product_id, quantity, order_date) VALUES (257, 12, 34, 3, '2025-06-16');
INSERT INTO orders (order_id, customer_id, product_id, quantity, order_date) VALUES (258, 1, 49, 2, '2025-07-16');
INSERT INTO orders (order_id, customer_id, product_id, quantity, order_date) VALUES (259, 80, 12, 2, '2025-07-23');
INSERT INTO orders (order_id, customer_id, product_id, quantity, order_date) VALUES (260, 92, 13, 2, '2025-07-20');
INSERT INTO orders (order_id, customer_id, product_id, quantity, order_date) VALUES (261, 71, 38, 3, '2025-06-11');
INSERT INTO orders (order_id, customer_id, product_id, quantity, order_date) VALUES (262, 38, 41, 1, '2025-06-19');
INSERT INTO orders (order_id, customer_id, product_id, quantity, order_date) VALUES (263, 3, 38, 1, '2025-06-19');
INSERT INTO orders (order_id, customer_id, product_id, quantity, order_date) VALUES (264, 63, 45, 1, '2025-06-16');
INSERT INTO orders (order_id, customer_id, product_id, quantity, order_date) VALUES (265, 9, 19, 2, '2025-07-18');
INSERT INTO orders (order_id, customer_id, product_id, quantity, order_date) VALUES (266, 94, 19, 2, '2025-07-11');
INSERT INTO orders (order_id, customer_id, product_id, quantity, order_date) VALUES (267, 13, 10, 1, '2025-05-12');
INSERT INTO orders (order_id, customer_id, product_id, quantity, order_date) VALUES (268, 48, 35, 2, '2025-07-12');
INSERT INTO orders (order_id, customer_id, product_id, quantity, order_date) VALUES (269, 95, 15, 2, '2025-06-08');
INSERT INTO orders (order_id, customer_id, product_id, quantity, order_date) VALUES (270, 31, 9, 3, '2025-06-03');
INSERT INTO orders (order_id, customer_id, product_id, quantity, order_date) VALUES (271, 97, 45, 2, '2025-06-13');
INSERT INTO orders (order_id, customer_id, product_id, quantity, order_date) VALUES (272, 43, 23, 3, '2025-07-27');
INSERT INTO orders (order_id, customer_id, product_id, quantity, order_date) VALUES (273, 37, 22, 1, '2025-07-27');
INSERT INTO orders (order_id, customer_id, product_id, quantity, order_date) VALUES (274, 100, 26, 3, '2025-07-28');
INSERT INTO orders (order_id, customer_id, product_id, quantity, order_date) VALUES (275, 51, 45, 1, '2025-07-26');
INSERT INTO orders (order_id, customer_id, product_id, quantity, order_date) VALUES (276, 85, 9, 1, '2025-06-24');
INSERT INTO orders (order_id, customer_id, product_id, quantity, order_date) VALUES (277, 80, 21, 1, '2025-05-09');
INSERT INTO orders (order_id, customer_id, product_id, quantity, order_date) VALUES (278, 21, 13, 2, '2025-05-10');
INSERT INTO orders (order_id, customer_id, product_id, quantity, order_date) VALUES (279, 79, 38, 3, '2025-07-13');
INSERT INTO orders (order_id, customer_id, product_id, quantity, order_date) VALUES (280, 44, 16, 3, '2025-07-17');
INSERT INTO orders (order_id, customer_id, product_id, quantity, order_date) VALUES (281, 2, 20, 3, '2025-06-06');
INSERT INTO orders (order_id, customer_id, product_id, quantity, order_date) VALUES (282, 94, 37, 2, '2025-06-07');
INSERT INTO orders (order_id, customer_id, product_id, quantity, order_date) VALUES (283, 89, 12, 1, '2025-08-03');
INSERT INTO orders (order_id, customer_id, product_id, quantity, order_date) VALUES (284, 23, 12, 2, '2025-07-15');
INSERT INTO orders (order_id, customer_id, product_id, quantity, order_date) VALUES (285, 65, 5, 1, '2025-07-03');
INSERT INTO orders (order_id, customer_id, product_id, quantity, order_date) VALUES (286, 88, 39, 3, '2025-05-17');
INSERT INTO orders (order_id, customer_id, product_id, quantity, order_date) VALUES (287, 36, 6, 2, '2025-05-16');
INSERT INTO orders (order_id, customer_id, product_id, quantity, order_date) VALUES (288, 27, 17, 2, '2025-05-30');
INSERT INTO orders (order_id, customer_id, product_id, quantity, order_date) VALUES (289, 32, 9, 2, '2025-06-06');
INSERT INTO orders (order_id, customer_id, product_id, quantity, order_date) VALUES (290, 59, 11, 2, '2025-05-15');
INSERT INTO orders (order_id, customer_id, product_id, quantity, order_date) VALUES (291, 48, 6, 3, '2025-05-11');
INSERT INTO orders (order_id, customer_id, product_id, quantity, order_date) VALUES (292, 84, 49, 2, '2025-07-20');
INSERT INTO orders (order_id, customer_id, product_id, quantity, order_date) VALUES (293, 22, 23, 3, '2025-07-13');
INSERT INTO orders (order_id, customer_id, product_id, quantity, order_date) VALUES (294, 93, 22, 1, '2025-05-17');
INSERT INTO orders (order_id, customer_id, product_id, quantity, order_date) VALUES (295, 86, 22, 1, '2025-05-19');
INSERT INTO orders (order_id, customer_id, product_id, quantity, order_date) VALUES (296, 26, 29, 3, '2025-06-10');
INSERT INTO orders (order_id, customer_id, product_id, quantity, order_date) VALUES (297, 27, 41, 2, '2025-07-04');
INSERT INTO orders (order_id, customer_id, product_id, quantity, order_date) VALUES (298, 50, 4, 2, '2025-06-30');
INSERT INTO orders (order_id, customer_id, product_id, quantity, order_date) VALUES (299, 23, 46, 3, '2025-07-11');
INSERT INTO orders (order_id, customer_id, product_id, quantity, order_date) VALUES (300, 15, 35, 2, '2025-05-29');

INSERT INTO reviews (review_id, product_id, customer_id, rating, review_text, review_date) VALUES (1, 17, 91, 3, 'Itaque est consectetur adipisci nam reprehenderit sed alias maxime.', '2025-06-25');
INSERT INTO reviews (review_id, product_id, customer_id, rating, review_text, review_date) VALUES (2, 36, 47, 3, 'Soluta aut voluptate temporibus laudantium culpa dolore libero placeat sapiente aliquam aliquam sint.', '2025-05-27');
INSERT INTO reviews (review_id, product_id, customer_id, rating, review_text, review_date) VALUES (3, 49, 58, 2, 'Porro asperiores animi numquam natus laudantium ab laudantium distinctio.', '2025-06-21');
INSERT INTO reviews (review_id, product_id, customer_id, rating, review_text, review_date) VALUES (4, 6, 13, 4, 'Magni error earum ab necessitatibus molestias nemo veniam doloremque mollitia at explicabo corporis.', '2025-05-21');
INSERT INTO reviews (review_id, product_id, customer_id, rating, review_text, review_date) VALUES (5, 13, 82, 5, 'Est maxime illum vel ex esse enim voluptates dolores illum quaerat.', '2025-05-13');
INSERT INTO reviews (review_id, product_id, customer_id, rating, review_text, review_date) VALUES (6, 33, 78, 5, 'Necessitatibus deleniti est itaque occaecati possimus cum.', '2025-06-09');
INSERT INTO reviews (review_id, product_id, customer_id, rating, review_text, review_date) VALUES (7, 42, 31, 3, 'Minima rem dolorum sapiente molestias ut maiores expedita.', '2025-05-22');
INSERT INTO reviews (review_id, product_id, customer_id, rating, review_text, review_date) VALUES (8, 8, 59, 5, 'Eos aspernatur minima praesentium ducimus molestiae voluptate quaerat pariatur.', '2025-07-04');
INSERT INTO reviews (review_id, product_id, customer_id, rating, review_text, review_date) VALUES (9, 42, 57, 4, 'Dolorum tempora vitae repudiandae numquam nemo pariatur quae debitis.', '2025-05-20');
INSERT INTO reviews (review_id, product_id, customer_id, rating, review_text, review_date) VALUES (10, 45, 94, 5, 'Natus sit optio nemo totam fuga nesciunt in voluptas aliquam.', '2025-07-29');
INSERT INTO reviews (review_id, product_id, customer_id, rating, review_text, review_date) VALUES (11, 26, 53, 3, 'Magni soluta odio illum aliquid eligendi voluptate eius alias reiciendis.', '2025-05-18');
INSERT INTO reviews (review_id, product_id, customer_id, rating, review_text, review_date) VALUES (12, 18, 9, 5, 'Provident sit cumque distinctio eum ab perferendis.', '2025-05-25');
INSERT INTO reviews (review_id, product_id, customer_id, rating, review_text, review_date) VALUES (13, 31, 64, 5, 'Sit tempora atque hic occaecati odio.', '2025-06-26');
INSERT INTO reviews (review_id, product_id, customer_id, rating, review_text, review_date) VALUES (14, 24, 89, 2, 'Eveniet impedit placeat doloribus dolor saepe sit iste odit.', '2025-07-06');
INSERT INTO reviews (review_id, product_id, customer_id, rating, review_text, review_date) VALUES (15, 20, 92, 1, 'Dolores placeat labore voluptatibus quae dolorum.', '2025-05-26');
INSERT INTO reviews (review_id, product_id, customer_id, rating, review_text, review_date) VALUES (16, 23, 70, 5, 'Ipsam illo molestias veniam qui delectus.', '2025-06-29');
INSERT INTO reviews (review_id, product_id, customer_id, rating, review_text, review_date) VALUES (17, 37, 5, 1, 'Molestias iste nemo illum temporibus rem libero fugit.', '2025-05-28');
INSERT INTO reviews (review_id, product_id, customer_id, rating, review_text, review_date) VALUES (18, 14, 75, 2, 'Soluta sed voluptate quaerat est ratione.', '2025-07-02');
INSERT INTO reviews (review_id, product_id, customer_id, rating, review_text, review_date) VALUES (19, 46, 74, 4, 'Perferendis doloribus ullam facere laboriosam ipsam dignissimos voluptates animi nesciunt ipsam minus.', '2025-08-04');
INSERT INTO reviews (review_id, product_id, customer_id, rating, review_text, review_date) VALUES (20, 22, 34, 5, 'Explicabo hic dicta natus ex possimus eaque.', '2025-05-17');
INSERT INTO reviews (review_id, product_id, customer_id, rating, review_text, review_date) VALUES (21, 23, 91, 2, 'Cupiditate cupiditate corrupti dolor ratione corrupti nisi.', '2025-05-10');
INSERT INTO reviews (review_id, product_id, customer_id, rating, review_text, review_date) VALUES (22, 35, 37, 2, 'Quos similique delectus corrupti rerum nulla eum ipsum.', '2025-06-27');
INSERT INTO reviews (review_id, product_id, customer_id, rating, review_text, review_date) VALUES (23, 36, 88, 2, 'Dolores hic nemo enim quibusdam excepturi voluptatem.', '2025-08-03');
INSERT INTO reviews (review_id, product_id, customer_id, rating, review_text, review_date) VALUES (24, 16, 3, 3, 'Aperiam tempora quidem quod accusamus eligendi cumque suscipit placeat nisi.', '2025-05-09');
INSERT INTO reviews (review_id, product_id, customer_id, rating, review_text, review_date) VALUES (25, 21, 4, 5, 'Suscipit veniam temporibus nostrum hic minima perspiciatis porro reprehenderit.', '2025-06-24');
INSERT INTO reviews (review_id, product_id, customer_id, rating, review_text, review_date) VALUES (26, 21, 32, 3, 'Ab provident aperiam ad dolores tenetur dolor.', '2025-06-09');
INSERT INTO reviews (review_id, product_id, customer_id, rating, review_text, review_date) VALUES (27, 42, 88, 5, 'Inventore aliquid velit sint nesciunt asperiores reiciendis.', '2025-07-11');
INSERT INTO reviews (review_id, product_id, customer_id, rating, review_text, review_date) VALUES (28, 11, 57, 5, 'Exercitationem dolorum sed nisi amet iste occaecati quis deserunt voluptatibus tempore dolor vero.', '2025-06-19');
INSERT INTO reviews (review_id, product_id, customer_id, rating, review_text, review_date) VALUES (29, 15, 35, 1, 'Facilis quam sint illo cumque accusantium iste repellat ab quaerat soluta commodi aliquam nam.', '2025-08-06');
INSERT INTO reviews (review_id, product_id, customer_id, rating, review_text, review_date) VALUES (30, 24, 59, 5, 'Illo exercitationem in quae veritatis explicabo quam adipisci optio minus.', '2025-05-21');
INSERT INTO reviews (review_id, product_id, customer_id, rating, review_text, review_date) VALUES (31, 26, 95, 3, 'Quasi voluptatum iure veniam similique porro suscipit dicta reprehenderit omnis dignissimos.', '2025-06-20');
INSERT INTO reviews (review_id, product_id, customer_id, rating, review_text, review_date) VALUES (32, 14, 2, 2, 'Iure sed ipsa itaque a sunt illum id quam maxime ipsam.', '2025-06-13');
INSERT INTO reviews (review_id, product_id, customer_id, rating, review_text, review_date) VALUES (33, 25, 44, 2, 'Repudiandae nobis quam alias odit sit similique quos.', '2025-07-07');
INSERT INTO reviews (review_id, product_id, customer_id, rating, review_text, review_date) VALUES (34, 28, 16, 5, 'Eligendi vero laudantium officiis commodi blanditiis.', '2025-05-24');
INSERT INTO reviews (review_id, product_id, customer_id, rating, review_text, review_date) VALUES (35, 28, 64, 2, 'Perspiciatis tempora veniam ullam nesciunt similique magnam inventore dicta architecto sit.', '2025-07-24');
INSERT INTO reviews (review_id, product_id, customer_id, rating, review_text, review_date) VALUES (36, 21, 52, 3, 'Dolorum laudantium dicta reprehenderit saepe odio qui quisquam tempore molestias nihil occaecati.', '2025-07-11');
INSERT INTO reviews (review_id, product_id, customer_id, rating, review_text, review_date) VALUES (37, 9, 50, 5, 'Ullam cumque delectus libero perferendis quidem optio alias temporibus adipisci alias.', '2025-08-06');
INSERT INTO reviews (review_id, product_id, customer_id, rating, review_text, review_date) VALUES (38, 38, 56, 5, 'Vitae deserunt mollitia corrupti beatae quis nihil maiores reiciendis labore quisquam.', '2025-06-29');
INSERT INTO reviews (review_id, product_id, customer_id, rating, review_text, review_date) VALUES (39, 15, 82, 2, 'Iure error alias nulla ipsum aliquam voluptate.', '2025-06-10');
INSERT INTO reviews (review_id, product_id, customer_id, rating, review_text, review_date) VALUES (40, 4, 53, 4, 'Quasi beatae id nisi eligendi a.', '2025-06-12');
INSERT INTO reviews (review_id, product_id, customer_id, rating, review_text, review_date) VALUES (41, 45, 71, 4, 'Exercitationem reiciendis minima harum sequi omnis iure numquam quasi.', '2025-06-12');
INSERT INTO reviews (review_id, product_id, customer_id, rating, review_text, review_date) VALUES (42, 45, 81, 3, 'Numquam molestiae tenetur provident minima hic odit voluptatem tempora id voluptas ipsum.', '2025-07-13');
INSERT INTO reviews (review_id, product_id, customer_id, rating, review_text, review_date) VALUES (43, 44, 4, 5, 'Vitae amet velit alias voluptatem suscipit necessitatibus voluptate explicabo.', '2025-05-23');
INSERT INTO reviews (review_id, product_id, customer_id, rating, review_text, review_date) VALUES (44, 15, 38, 5, 'Veritatis nobis iusto iusto pariatur nam omnis magnam nemo repudiandae iure alias atque.', '2025-07-23');
INSERT INTO reviews (review_id, product_id, customer_id, rating, review_text, review_date) VALUES (45, 9, 46, 1, 'Totam ea unde iusto omnis sequi quas impedit.', '2025-05-16');
INSERT INTO reviews (review_id, product_id, customer_id, rating, review_text, review_date) VALUES (46, 15, 44, 3, 'Doloremque a necessitatibus impedit excepturi eaque corporis nesciunt modi dolorem.', '2025-08-02');
INSERT INTO reviews (review_id, product_id, customer_id, rating, review_text, review_date) VALUES (47, 9, 21, 1, 'Deleniti deleniti delectus hic voluptas possimus.', '2025-08-04');
INSERT INTO reviews (review_id, product_id, customer_id, rating, review_text, review_date) VALUES (48, 3, 6, 3, 'Corrupti sapiente ex itaque provident aliquam animi veritatis dolorum nostrum commodi.', '2025-06-28');
INSERT INTO reviews (review_id, product_id, customer_id, rating, review_text, review_date) VALUES (49, 18, 68, 1, 'Fugiat vel inventore labore eos iure harum magnam adipisci atque architecto iure.', '2025-05-25');
INSERT INTO reviews (review_id, product_id, customer_id, rating, review_text, review_date) VALUES (50, 48, 96, 3, 'Voluptatibus odio quos nihil repellendus asperiores voluptate velit.', '2025-07-14');
INSERT INTO reviews (review_id, product_id, customer_id, rating, review_text, review_date) VALUES (51, 40, 50, 2, 'Sequi voluptate nesciunt esse deleniti ex.', '2025-06-15');
INSERT INTO reviews (review_id, product_id, customer_id, rating, review_text, review_date) VALUES (52, 15, 89, 4, 'Voluptatem aliquam perspiciatis dolore eveniet culpa eos illum neque saepe a totam.', '2025-08-03');
INSERT INTO reviews (review_id, product_id, customer_id, rating, review_text, review_date) VALUES (53, 40, 37, 5, 'Molestias consequatur quas voluptates consequuntur neque autem eos aspernatur atque debitis.', '2025-06-09');
INSERT INTO reviews (review_id, product_id, customer_id, rating, review_text, review_date) VALUES (54, 13, 45, 4, 'Dolorum totam cum reprehenderit dolorum quo quos.', '2025-07-04');
INSERT INTO reviews (review_id, product_id, customer_id, rating, review_text, review_date) VALUES (55, 41, 11, 3, 'Quia impedit est voluptatum a optio fugit explicabo magni dolore.', '2025-07-05');
INSERT INTO reviews (review_id, product_id, customer_id, rating, review_text, review_date) VALUES (56, 33, 81, 3, 'Dicta eum in alias est praesentium incidunt quam omnis ex dolorem possimus minima.', '2025-05-31');
INSERT INTO reviews (review_id, product_id, customer_id, rating, review_text, review_date) VALUES (57, 42, 32, 3, 'Commodi reprehenderit atque eos aperiam ea aliquid fugiat dolorem odit mollitia rem unde.', '2025-07-28');
INSERT INTO reviews (review_id, product_id, customer_id, rating, review_text, review_date) VALUES (58, 16, 47, 2, 'Similique quas quod itaque ipsum veniam itaque ratione tempore quas accusamus.', '2025-06-30');
INSERT INTO reviews (review_id, product_id, customer_id, rating, review_text, review_date) VALUES (59, 49, 94, 4, 'Accusantium quas eligendi accusamus asperiores sapiente dignissimos sint.', '2025-07-14');
INSERT INTO reviews (review_id, product_id, customer_id, rating, review_text, review_date) VALUES (60, 24, 8, 3, 'Exercitationem quaerat laborum commodi porro aut.', '2025-06-18');
INSERT INTO reviews (review_id, product_id, customer_id, rating, review_text, review_date) VALUES (61, 38, 87, 1, 'Fugit veritatis nostrum modi odit repellendus laborum sint nihil quasi.', '2025-06-14');
INSERT INTO reviews (review_id, product_id, customer_id, rating, review_text, review_date) VALUES (62, 48, 14, 3, 'Quis amet vitae unde quidem fugiat rem dolores tempora ipsa.', '2025-07-30');
INSERT INTO reviews (review_id, product_id, customer_id, rating, review_text, review_date) VALUES (63, 47, 48, 4, 'Minus id consequuntur nulla qui quae autem consequatur.', '2025-05-18');
INSERT INTO reviews (review_id, product_id, customer_id, rating, review_text, review_date) VALUES (64, 11, 37, 3, 'Exercitationem ullam quidem cupiditate quod sint magnam dolore.', '2025-07-24');
INSERT INTO reviews (review_id, product_id, customer_id, rating, review_text, review_date) VALUES (65, 19, 60, 5, 'Vitae quis doloribus cupiditate in molestias blanditiis aspernatur fugit fuga fugiat eveniet dignissimos.', '2025-06-02');
INSERT INTO reviews (review_id, product_id, customer_id, rating, review_text, review_date) VALUES (66, 12, 39, 4, 'Aperiam nobis corporis dolore quo quas consequatur.', '2025-07-02');
INSERT INTO reviews (review_id, product_id, customer_id, rating, review_text, review_date) VALUES (67, 26, 50, 3, 'Excepturi modi ipsum dolor aliquid numquam nemo neque repudiandae labore aut numquam est.', '2025-08-03');
INSERT INTO reviews (review_id, product_id, customer_id, rating, review_text, review_date) VALUES (68, 17, 49, 2, 'Quidem reprehenderit saepe alias iusto culpa inventore.', '2025-06-23');
INSERT INTO reviews (review_id, product_id, customer_id, rating, review_text, review_date) VALUES (69, 11, 15, 4, 'Ducimus quasi illo sed facilis recusandae sunt.', '2025-05-10');
INSERT INTO reviews (review_id, product_id, customer_id, rating, review_text, review_date) VALUES (70, 9, 65, 4, 'Enim neque velit quis sapiente laudantium.', '2025-06-02');
INSERT INTO reviews (review_id, product_id, customer_id, rating, review_text, review_date) VALUES (71, 41, 40, 2, 'Harum animi beatae quasi ipsam nihil fugit iure autem beatae amet sed.', '2025-07-24');
INSERT INTO reviews (review_id, product_id, customer_id, rating, review_text, review_date) VALUES (72, 1, 99, 4, 'Voluptatum autem saepe consequuntur nihil quidem culpa dolor dolore non ipsam blanditiis blanditiis.', '2025-06-09');
INSERT INTO reviews (review_id, product_id, customer_id, rating, review_text, review_date) VALUES (73, 2, 59, 1, 'Similique qui exercitationem vero odio illum tempora placeat cupiditate mollitia maxime fugit.', '2025-07-23');
INSERT INTO reviews (review_id, product_id, customer_id, rating, review_text, review_date) VALUES (74, 28, 34, 4, 'Voluptas doloribus architecto unde dolor quis quasi dolor quasi.', '2025-06-30');
INSERT INTO reviews (review_id, product_id, customer_id, rating, review_text, review_date) VALUES (75, 23, 91, 4, 'Porro sequi temporibus laborum hic odio aliquid repellat dolorum.', '2025-05-23');
INSERT INTO reviews (review_id, product_id, customer_id, rating, review_text, review_date) VALUES (76, 12, 65, 4, 'Expedita voluptatem esse natus voluptatum libero facilis tempore impedit praesentium.', '2025-07-24');
INSERT INTO reviews (review_id, product_id, customer_id, rating, review_text, review_date) VALUES (77, 26, 42, 3, 'Quam vero iste commodi consequatur consequuntur.', '2025-07-28');
INSERT INTO reviews (review_id, product_id, customer_id, rating, review_text, review_date) VALUES (78, 27, 46, 4, 'At autem a nemo quisquam repellendus aliquid dolorum.', '2025-07-15');
INSERT INTO reviews (review_id, product_id, customer_id, rating, review_text, review_date) VALUES (79, 41, 84, 5, 'Quis minus autem nemo repudiandae magni minima quia.', '2025-06-02');
INSERT INTO reviews (review_id, product_id, customer_id, rating, review_text, review_date) VALUES (80, 14, 20, 2, 'Quae repudiandae eaque eaque magnam ea.', '2025-06-13');
INSERT INTO reviews (review_id, product_id, customer_id, rating, review_text, review_date) VALUES (81, 1, 19, 1, 'Excepturi amet eius aliquam possimus architecto perspiciatis ipsa.', '2025-05-18');
INSERT INTO reviews (review_id, product_id, customer_id, rating, review_text, review_date) VALUES (82, 12, 28, 1, 'Nihil molestiae soluta fugiat cumque hic a fuga nulla dolore numquam.', '2025-06-03');
INSERT INTO reviews (review_id, product_id, customer_id, rating, review_text, review_date) VALUES (83, 26, 9, 1, 'Quis numquam quam ut in ipsam tenetur fuga.', '2025-06-03');
INSERT INTO reviews (review_id, product_id, customer_id, rating, review_text, review_date) VALUES (84, 24, 35, 4, 'Porro aliquid excepturi omnis quisquam repellendus praesentium.', '2025-07-19');
INSERT INTO reviews (review_id, product_id, customer_id, rating, review_text, review_date) VALUES (85, 21, 69, 3, 'Ex error a quam maxime aut ipsum vitae temporibus recusandae dolorem possimus illo.', '2025-07-18');
INSERT INTO reviews (review_id, product_id, customer_id, rating, review_text, review_date) VALUES (86, 24, 88, 2, 'Iusto eveniet blanditiis dicta id voluptas assumenda exercitationem iste eum.', '2025-06-19');
INSERT INTO reviews (review_id, product_id, customer_id, rating, review_text, review_date) VALUES (87, 13, 95, 5, 'Minus molestias quas recusandae pariatur ab aliquam quisquam nemo.', '2025-05-23');
INSERT INTO reviews (review_id, product_id, customer_id, rating, review_text, review_date) VALUES (88, 21, 78, 4, 'Eligendi sint asperiores voluptate et aliquid eaque.', '2025-07-10');
INSERT INTO reviews (review_id, product_id, customer_id, rating, review_text, review_date) VALUES (89, 34, 98, 2, 'Error modi laborum corrupti distinctio tenetur laboriosam nesciunt eum molestias.', '2025-06-21');
INSERT INTO reviews (review_id, product_id, customer_id, rating, review_text, review_date) VALUES (90, 50, 15, 2, 'Provident ad hic molestias quos quae minus dolores voluptatem corporis.', '2025-07-04');
INSERT INTO reviews (review_id, product_id, customer_id, rating, review_text, review_date) VALUES (91, 26, 86, 4, 'Aspernatur facere ratione dolore molestias quas.', '2025-05-28');
INSERT INTO reviews (review_id, product_id, customer_id, rating, review_text, review_date) VALUES (92, 42, 90, 1, 'Accusantium quibusdam tempora saepe unde tempore animi esse ut aliquam.', '2025-07-08');
INSERT INTO reviews (review_id, product_id, customer_id, rating, review_text, review_date) VALUES (93, 38, 72, 2, 'Unde veritatis dolore deleniti quidem numquam magni omnis dolor odio.', '2025-07-09');
INSERT INTO reviews (review_id, product_id, customer_id, rating, review_text, review_date) VALUES (94, 14, 70, 3, 'Numquam perspiciatis consequatur voluptatum aut voluptate possimus.', '2025-05-24');
INSERT INTO reviews (review_id, product_id, customer_id, rating, review_text, review_date) VALUES (95, 36, 16, 3, 'Unde suscipit nulla error architecto corrupti error excepturi quis nesciunt sed.', '2025-07-23');
INSERT INTO reviews (review_id, product_id, customer_id, rating, review_text, review_date) VALUES (96, 38, 11, 3, 'Iure debitis praesentium repudiandae saepe nam.', '2025-08-02');
INSERT INTO reviews (review_id, product_id, customer_id, rating, review_text, review_date) VALUES (97, 1, 77, 4, 'Mollitia impedit voluptatibus quo mollitia deserunt soluta.', '2025-05-09');
INSERT INTO reviews (review_id, product_id, customer_id, rating, review_text, review_date) VALUES (98, 28, 57, 3, 'Dolore ad temporibus non harum laborum illum nobis consequatur eius illo.', '2025-06-21');
INSERT INTO reviews (review_id, product_id, customer_id, rating, review_text, review_date) VALUES (99, 10, 94, 1, 'Id saepe sequi aliquid tempora natus aperiam earum minima assumenda possimus id.', '2025-05-24');
INSERT INTO reviews (review_id, product_id, customer_id, rating, review_text, review_date) VALUES (100, 44, 55, 2, 'Excepturi officia reprehenderit ex accusamus iusto aliquam expedita sint.', '2025-06-12');
INSERT INTO reviews (review_id, product_id, customer_id, rating, review_text, review_date) VALUES (101, 29, 15, 5, 'Qui itaque sequi voluptatum odit in dignissimos a dolore.', '2025-06-13');
INSERT INTO reviews (review_id, product_id, customer_id, rating, review_text, review_date) VALUES (102, 3, 14, 5, 'Error itaque aliquid sapiente laudantium labore ducimus assumenda tempore voluptates sit provident.', '2025-07-03');
INSERT INTO reviews (review_id, product_id, customer_id, rating, review_text, review_date) VALUES (103, 33, 45, 4, 'Excepturi voluptatibus ipsum quae cum natus.', '2025-07-11');
INSERT INTO reviews (review_id, product_id, customer_id, rating, review_text, review_date) VALUES (104, 36, 26, 3, 'Adipisci nobis distinctio maiores quae sint alias.', '2025-07-20');
INSERT INTO reviews (review_id, product_id, customer_id, rating, review_text, review_date) VALUES (105, 40, 7, 5, 'Sint quidem laborum illo necessitatibus iste adipisci perferendis maiores.', '2025-07-26');
INSERT INTO reviews (review_id, product_id, customer_id, rating, review_text, review_date) VALUES (106, 36, 22, 3, 'Excepturi quos necessitatibus exercitationem cumque ab.', '2025-06-17');
INSERT INTO reviews (review_id, product_id, customer_id, rating, review_text, review_date) VALUES (107, 39, 36, 2, 'Vitae enim nesciunt accusamus sed rem quo atque soluta sit asperiores.', '2025-05-15');
INSERT INTO reviews (review_id, product_id, customer_id, rating, review_text, review_date) VALUES (108, 1, 82, 5, 'Quod eaque possimus ex accusantium ut repellendus nemo quod totam amet optio.', '2025-08-02');
INSERT INTO reviews (review_id, product_id, customer_id, rating, review_text, review_date) VALUES (109, 49, 45, 1, 'Autem modi alias ipsam officiis distinctio consectetur ullam.', '2025-05-19');
INSERT INTO reviews (review_id, product_id, customer_id, rating, review_text, review_date) VALUES (110, 15, 69, 4, 'Harum soluta et dolore doloribus qui aliquam dolores accusantium sed maxime nisi molestiae.', '2025-05-31');
INSERT INTO reviews (review_id, product_id, customer_id, rating, review_text, review_date) VALUES (111, 26, 77, 3, 'Accusantium quos sit assumenda numquam inventore fugit quam.', '2025-07-30');
INSERT INTO reviews (review_id, product_id, customer_id, rating, review_text, review_date) VALUES (112, 26, 33, 2, 'Inventore ipsa libero cumque assumenda neque tenetur amet dolorum quia ab.', '2025-07-18');
INSERT INTO reviews (review_id, product_id, customer_id, rating, review_text, review_date) VALUES (113, 35, 16, 4, 'Nihil earum consequuntur aliquam eius aliquam.', '2025-07-03');
INSERT INTO reviews (review_id, product_id, customer_id, rating, review_text, review_date) VALUES (114, 8, 16, 5, 'Eveniet molestiae provident dolore aliquid dolorum quos cumque.', '2025-07-04');
INSERT INTO reviews (review_id, product_id, customer_id, rating, review_text, review_date) VALUES (115, 42, 60, 5, 'Unde explicabo minima atque dignissimos eaque veniam dignissimos reprehenderit asperiores adipisci.', '2025-07-21');
INSERT INTO reviews (review_id, product_id, customer_id, rating, review_text, review_date) VALUES (116, 45, 27, 5, 'Fugiat explicabo cum modi voluptate illum quam quam dolorem cupiditate.', '2025-07-08');
INSERT INTO reviews (review_id, product_id, customer_id, rating, review_text, review_date) VALUES (117, 22, 46, 1, 'Perspiciatis tempore ab aliquam voluptates modi dolor nobis enim.', '2025-05-16');
INSERT INTO reviews (review_id, product_id, customer_id, rating, review_text, review_date) VALUES (118, 44, 16, 3, 'Aut quisquam eligendi architecto asperiores maxime inventore ipsa dolorem.', '2025-06-11');
INSERT INTO reviews (review_id, product_id, customer_id, rating, review_text, review_date) VALUES (119, 47, 22, 1, 'Assumenda ducimus veritatis deserunt placeat nesciunt cum hic laudantium ut aliquid.', '2025-07-29');
INSERT INTO reviews (review_id, product_id, customer_id, rating, review_text, review_date) VALUES (120, 6, 18, 5, 'Modi velit quas architecto qui excepturi libero molestiae et.', '2025-05-23');
INSERT INTO reviews (review_id, product_id, customer_id, rating, review_text, review_date) VALUES (121, 39, 57, 5, 'Dolores consequatur voluptate debitis eum aspernatur enim velit facere totam.', '2025-06-15');
INSERT INTO reviews (review_id, product_id, customer_id, rating, review_text, review_date) VALUES (122, 35, 80, 4, 'Ipsa mollitia iusto nisi rem rerum modi blanditiis blanditiis eum nihil provident.', '2025-07-18');
INSERT INTO reviews (review_id, product_id, customer_id, rating, review_text, review_date) VALUES (123, 26, 52, 5, 'Mollitia veniam dolorem pariatur accusantium doloremque minus accusamus ad saepe eum.', '2025-07-19');
INSERT INTO reviews (review_id, product_id, customer_id, rating, review_text, review_date) VALUES (124, 21, 6, 5, 'Nihil qui exercitationem quidem alias asperiores ad dignissimos.', '2025-06-27');
INSERT INTO reviews (review_id, product_id, customer_id, rating, review_text, review_date) VALUES (125, 12, 52, 2, 'Praesentium quisquam minima laudantium aspernatur a fugit possimus commodi ratione nesciunt laborum.', '2025-05-30');
INSERT INTO reviews (review_id, product_id, customer_id, rating, review_text, review_date) VALUES (126, 6, 96, 1, 'Autem ad mollitia sit atque voluptas animi reprehenderit qui perferendis delectus debitis nam.', '2025-05-11');
INSERT INTO reviews (review_id, product_id, customer_id, rating, review_text, review_date) VALUES (127, 38, 60, 2, 'Perspiciatis velit tempora cumque quisquam distinctio recusandae sed officiis in laboriosam fugiat dolores.', '2025-06-30');
INSERT INTO reviews (review_id, product_id, customer_id, rating, review_text, review_date) VALUES (128, 22, 45, 5, 'Ipsa nesciunt culpa eligendi tenetur modi illum maiores cumque modi consequuntur.', '2025-05-25');
INSERT INTO reviews (review_id, product_id, customer_id, rating, review_text, review_date) VALUES (129, 41, 70, 4, 'Odio reiciendis ut architecto voluptatem porro perferendis accusamus harum consequuntur.', '2025-07-15');
INSERT INTO reviews (review_id, product_id, customer_id, rating, review_text, review_date) VALUES (130, 20, 85, 1, 'Sit reprehenderit pariatur optio quasi dolore.', '2025-07-31');
INSERT INTO reviews (review_id, product_id, customer_id, rating, review_text, review_date) VALUES (131, 26, 81, 4, 'Quis nihil dignissimos ad debitis sunt veritatis molestiae eum eos debitis eius magni.', '2025-07-30');
INSERT INTO reviews (review_id, product_id, customer_id, rating, review_text, review_date) VALUES (132, 28, 39, 5, 'Omnis voluptates quas pariatur ullam quam officia doloremque placeat quibusdam ab mollitia.', '2025-06-22');
INSERT INTO reviews (review_id, product_id, customer_id, rating, review_text, review_date) VALUES (133, 2, 11, 1, 'Sint labore id expedita eius tempore in.', '2025-07-16');
INSERT INTO reviews (review_id, product_id, customer_id, rating, review_text, review_date) VALUES (134, 17, 7, 4, 'Molestias quidem totam in dolore aspernatur.', '2025-08-01');
INSERT INTO reviews (review_id, product_id, customer_id, rating, review_text, review_date) VALUES (135, 9, 25, 5, 'Officiis non inventore hic laboriosam recusandae ea possimus.', '2025-06-29');
INSERT INTO reviews (review_id, product_id, customer_id, rating, review_text, review_date) VALUES (136, 2, 62, 1, 'Qui quia pariatur nemo necessitatibus quos pariatur cumque cum suscipit eum.', '2025-07-22');
INSERT INTO reviews (review_id, product_id, customer_id, rating, review_text, review_date) VALUES (137, 10, 96, 4, 'Deleniti alias repellendus repellat hic esse ratione natus facere suscipit beatae laborum.', '2025-07-01');
INSERT INTO reviews (review_id, product_id, customer_id, rating, review_text, review_date) VALUES (138, 45, 69, 3, 'Totam enim corporis sit tempora a aspernatur accusantium.', '2025-05-19');
INSERT INTO reviews (review_id, product_id, customer_id, rating, review_text, review_date) VALUES (139, 50, 84, 2, 'Totam ex unde sint unde ut voluptatibus ipsam.', '2025-07-29');
INSERT INTO reviews (review_id, product_id, customer_id, rating, review_text, review_date) VALUES (140, 26, 91, 3, 'Nam commodi quos quidem quam necessitatibus sint libero nostrum tempora.', '2025-05-25');
INSERT INTO reviews (review_id, product_id, customer_id, rating, review_text, review_date) VALUES (141, 19, 36, 2, 'Officia possimus veritatis vel consequuntur facere eaque blanditiis optio alias officiis.', '2025-08-03');
INSERT INTO reviews (review_id, product_id, customer_id, rating, review_text, review_date) VALUES (142, 28, 10, 2, 'Labore placeat consectetur odio praesentium in saepe nemo.', '2025-06-23');
INSERT INTO reviews (review_id, product_id, customer_id, rating, review_text, review_date) VALUES (143, 44, 30, 5, 'Possimus optio deleniti ratione cupiditate quasi.', '2025-07-10');
INSERT INTO reviews (review_id, product_id, customer_id, rating, review_text, review_date) VALUES (144, 37, 39, 2, 'Veritatis voluptatibus praesentium velit pariatur nihil exercitationem soluta sunt possimus.', '2025-06-08');
INSERT INTO reviews (review_id, product_id, customer_id, rating, review_text, review_date) VALUES (145, 37, 46, 3, 'Atque quis modi corrupti aspernatur fuga ea velit magnam quia.', '2025-06-29');
INSERT INTO reviews (review_id, product_id, customer_id, rating, review_text, review_date) VALUES (146, 32, 73, 2, 'Illo autem similique aspernatur illo iure.', '2025-06-06');
INSERT INTO reviews (review_id, product_id, customer_id, rating, review_text, review_date) VALUES (147, 12, 14, 4, 'Est debitis rem deserunt suscipit iusto quos.', '2025-07-02');
INSERT INTO reviews (review_id, product_id, customer_id, rating, review_text, review_date) VALUES (148, 22, 15, 4, 'Quos et labore dignissimos fuga minima nesciunt voluptatibus perspiciatis ullam voluptatum voluptatum incidunt.', '2025-07-20');
INSERT INTO reviews (review_id, product_id, customer_id, rating, review_text, review_date) VALUES (149, 36, 41, 3, 'Fuga ea eaque voluptatem harum ipsam cupiditate velit facilis.', '2025-07-12');
INSERT INTO reviews (review_id, product_id, customer_id, rating, review_text, review_date) VALUES (150, 46, 84, 4, 'Sequi nemo quos officia vitae perferendis dolor itaque sed aliquid praesentium mollitia aperiam laudantium.', '2025-07-16');